/*
Navicat MySQL Data Transfer

Source Server         : localhost_3306
Source Server Version : 80031
Source Host           : localhost:3306
Source Database       : cakeshop

Target Server Type    : MYSQL
Target Server Version : 80031
File Encoding         : 65001

Date: 2023-07-08 23:06:28
*/

SET FOREIGN_KEY_CHECKS=0;

-- ----------------------------
-- Table structure for goods
-- ----------------------------
DROP TABLE IF EXISTS `goods`;
CREATE TABLE `goods` (
  `id` int NOT NULL AUTO_INCREMENT,
  `name` varchar(45) DEFAULT NULL,
  `cover` varchar(45) DEFAULT NULL,
  `image1` varchar(45) DEFAULT NULL,
  `image2` varchar(45) DEFAULT NULL,
  `price` float DEFAULT NULL,
  `intro` varchar(300) DEFAULT NULL,
  `stock` int DEFAULT NULL,
  `type_id` int DEFAULT NULL,
  PRIMARY KEY (`id`),
  KEY `fk_type_id_idx` (`type_id`),
  CONSTRAINT `fk_type_id` FOREIGN KEY (`type_id`) REFERENCES `type` (`id`)
) ENGINE=InnoDB AUTO_INCREMENT=1114 DEFAULT CHARSET=utf8mb3;

-- ----------------------------
-- Records of goods
-- ----------------------------
INSERT INTO `goods` VALUES ('1', '冰雪之恋', '/picture/1-1.jpg', '/picture/1-2.jpg', '/picture/1-3.jpg', '50.2', '香浓巧克力，浓浓安慕兮啊，，，', '789', '1');
INSERT INTO `goods` VALUES ('2', '浪漫甜心101', '/picture/2-1.jpg', '/picture/2-2.jpg', '/picture/2-3.jpg', '229', '圣洁的白色玫瑰，烘托着光亮饱满的红艳果实，烂漫的色彩，惹人无比爱怜。新鲜草莓和特调淡奶油混合而成的松软的蛋糕坯，美丽纯净，充满了幸福甜蜜的味道主口味：草莓口味 主要原料：新西兰乳脂奶油，古巴朗姆酒，韩国幼砂糖，鲜草莓。 甜度： 三星（满五星） 最佳食用温度：6-10摄氏度', '10', '8');
INSERT INTO `goods` VALUES ('3', '留恋之恋', '/picture/3-1.jpg', '/picture/3-2.jpg', '/picture/3-3.jpg', '229', '主口味:榴莲奶油味(原味蛋糕胚+榴莲酱+乳脂奶油)主要原料：新西兰乳脂奶油，古巴朗姆酒，韩国幼砂糖，鲜草莓。 甜度： 三星（满五星） 最佳食用温度：5-7摄氏度', '10', '5');
INSERT INTO `goods` VALUES ('4', '玫瑰物语', '/picture/4-1.jpg', '/picture/4-2.jpg', '/picture/4-3.jpg', '299', '一座小小的花园 一场优美的缄默 色彩的冲撞带来幻美的视觉享受 自制的玫瑰酱调配而成的玫瑰慕斯蛋糕 口感丰富 异香诱人 忠贞的爱情充溢了玫瑰的内心,因而更加美丽\r\n主口味:玫瑰慕斯 主要原料:糖渍玫瑰,奶油芝士,乳脂奶油,朗姆酒,白巧克力软糖 甜度:三星（满五星） 最佳食用温度：5-7摄氏度', '10', '5');
INSERT INTO `goods` VALUES ('5', '芒果列车', '/picture/5-1.jpg', '/picture/5-2.jpg', '/picture/5-3.jpg', '269', '黄橙橙的时光列车,散发出温暖的灯光,连接着过去与未来.这是一款纯慕斯型的蛋糕,芒果慕斯镶嵌芒果果冻丁,不含蛋糕胚体,均匀莫斯体和果冻,口感细腻嫩滑,酸甜适口零脂肪,美容又零脂肪\r\n主口味: 芒果慕斯 主要原料:芒果果溶,芒果果冻,乳脂奶油,法国君度力娇酒  甜度:三星（满五星） 最佳食用温度：5-7摄氏度', '10', '5');
INSERT INTO `goods` VALUES ('6', '夜礼服', '/picture/6-1.jpg', '/picture/6-2.jpg', '/picture/6-3.jpg', '299', '空气中流动着的厚重巧克力气息,一切在夜色下坡上银装.可可野性的诱惑,加之朗姆酒的浪漫清冽,传递出来自神秘过度的魅惑与力量.\r\n主口味:香浓巧克力 主要原料:黑巧克力,乳脂奶油,大黄油,朗姆酒,巧克力果仁脆,黑巧克力软糖 甜度:四星（满五星） 最佳食用温度：5-7摄氏度', '10', '5');
INSERT INTO `goods` VALUES ('7', '爱之玫瑰', '/picture/7-1.jpg', '/picture/7-2.jpg', '/picture/7-3.jpg', '299', '爱之魅力,悄然跃于玫瑰之上,包裹时光,翩翩起舞,让这一切置身于梦幻旅途之中邂逅玫瑰,享受梦境一刻.\r\n主口味:玫瑰奶油味 主要原料:云南玫瑰,澳洲奶油芝士,澳洲乳脂奶油,古巴朗姆酒,白巧克力软糖 甜度:二星（满五星） 最佳食用温度：5-7摄氏度', '10', '4');
INSERT INTO `goods` VALUES ('8', '小熊乐园', '/picture/8-1.jpg', '/picture/8-2.jpg', '/picture/8-3.jpg', '299', '走进小熊乐园,与可爱的小熊一起准备过冬的食物吧,摘颗草莓藏放在巧克力做的房子里,好朋友一起分享劳动的果实.\r\n主口味:草莓奶油味 主要原料:乳脂奶油,纯巧克力,朗姆酒,幼砂糖,鲜草莓 甜度:二星（满五星） 最佳食用温度：5-7摄氏度', '10', '3');
INSERT INTO `goods` VALUES ('9', '草莓冰淇淋', '/picture/9-1.jpg', '/picture/9-2.jpg', '/picture/9-3.jpg', '299', '甜郁草莓配合冰淇淋的丝滑口感,让清爽与浪漫在爱情果园激情碰撞,恋上草莓,这份心情,美妙非凡.\r\n主口味:草莓口味 主要原料:草莓果溶 草莓  甜度:三星（满五星） 最佳食用温度：-12至-15摄氏度', '10', '3');
INSERT INTO `goods` VALUES ('10', '玫瑰舒芙蕾', '/picture/10-1.jpg', '/picture/10-2.jpg', '/picture/10-3.jpg', '28', '优选法国芝士,奶香浓郁,质地柔滑,口感细腻.法国芝士有助于提升糕点的整体口感,完美平衡酸度与甜味,制作出的糕点更加洁白纯美.', '10', '2');
INSERT INTO `goods` VALUES ('11', '半熟芝士', '/picture/11-1.jpg', '/picture/11-1.jpg', '/picture/11-1.jpg', '38', '为了保证芝士的香醇,半熟芝士借鉴日本温泉煮鸡蛋的做法,把芝士,牛奶,鸡蛋,天然奶油,砂糖,小麦粉拌成面糊,通过水浴蒸烤,保证芝士蛋糕细嫩,柔软,留住芝士的香醇细滑.', '10', '2');
INSERT INTO `goods` VALUES ('12', '青森芝士条', '/picture/12-1.jpg', '/picture/1-2.jpg', '/picture/12-1.jpg', '36', '青森芝士和风轻拂,,奶香浓郁,质地柔滑,口感细腻.', '10', '2');
INSERT INTO `goods` VALUES ('13', '蜂蜜蛋糕', '/picture/13-1.jpg', '/picture/13-1.jpg', '/picture/13-1.jpg', '36', '蛋黄与蜂蜜,淡奶油共同演绎的曼妙之旅.口感Q糯浓郁,回味绵软柔长.皱巴巴的造型,甜蜜蜜的感受.', '10', '2');
INSERT INTO `goods` VALUES ('14', '意大利芝士饼干', '/picture/14-1.jpg', '/picture/14-1.jpg', '/picture/14-1.jpg', '39', '采用帕玛森芝士为主要原材料制作的意大利芝士饼,奶香浓郁,鲜香可口.', '10', '2');
INSERT INTO `goods` VALUES ('15', '小熊乐园', '/picture/8-1.jpg', '/picture/8-2.jpg', '/picture/8-3.jpg', '299', '走进小熊乐园,与可爱的小熊一起准备过冬的食物吧,摘颗草莓藏放在巧克力做的房子里,好朋友一起分享劳动的果实.\r\n主口味:草莓奶油味 主要原料:乳脂奶油,纯巧克力,朗姆酒,幼砂糖,鲜草莓 甜度:二星（满五星） 最佳食用温度：5-7摄氏度', '10', '3');
INSERT INTO `goods` VALUES ('16', '草莓冰淇淋', '/picture/9-1.jpg', '/picture/9-2.jpg', '/picture/9-3.jpg', '299', '甜郁草莓配合冰淇淋的丝滑口感,让清爽与浪漫在爱情果园激情碰撞,恋上草莓,这份心情,美妙非凡.\r\n主口味:草莓口味 主要原料:草莓果溶 草莓  甜度:三星（满五星） 最佳食用温度：-12至-15摄氏度', '10', '1');
INSERT INTO `goods` VALUES ('17', '玫瑰舒芙蕾', '/picture/10-1.jpg', '/picture/10-2.jpg', '/picture/10-3.jpg', '28', '优选法国芝士,奶香浓郁,质地柔滑,口感细腻.法国芝士有助于提升糕点的整体口感,完美平衡酸度与甜味,制作出的糕点更加洁白纯美.', '10', '2');
INSERT INTO `goods` VALUES ('18', '半熟芝士', '/picture/11-1.jpg', '/picture/11-1.jpg', '/picture/11-1.jpg', '38', '为了保证芝士的香醇,半熟芝士借鉴日本温泉煮鸡蛋的做法,把芝士,牛奶,鸡蛋,天然奶油,砂糖,小麦粉拌成面糊,通过水浴蒸烤,保证芝士蛋糕细嫩,柔软,留住芝士的香醇细滑.', '10', '2');
INSERT INTO `goods` VALUES ('19', '青森芝士条', '/picture/12-1.jpg', '/picture/1-2.jpg', '/picture/12-1.jpg', '36', '青森芝士和风轻拂,,奶香浓郁,质地柔滑,口感细腻.', '10', '2');
INSERT INTO `goods` VALUES ('20', '蜂蜜蛋糕', '/picture/13-1.jpg', '/picture/13-1.jpg', '/picture/13-1.jpg', '36', '蛋黄与蜂蜜,淡奶油共同演绎的曼妙之旅.口感Q糯浓郁,回味绵软柔长.皱巴巴的造型,甜蜜蜜的感受.', '10', '2');
INSERT INTO `goods` VALUES ('21', '意大利芝士饼干', '/picture/14-1.jpg', '/picture/14-1.jpg', '/picture/14-1.jpg', '39', '采用帕玛森芝士为主要原材料制作的意大利芝士饼,奶香浓郁,鲜香可口.', '10', '2');
INSERT INTO `goods` VALUES ('22', '小熊乐园', '/picture/8-1.jpg', '/picture/8-2.jpg', '/picture/8-3.jpg', '299', '走进小熊乐园,与可爱的小熊一起准备过冬的食物吧,摘颗草莓藏放在巧克力做的房子里,好朋友一起分享劳动的果实.\r\n主口味:草莓奶油味 主要原料:乳脂奶油,纯巧克力,朗姆酒,幼砂糖,鲜草莓 甜度:二星（满五星） 最佳食用温度：5-7摄氏度', '10', '3');
INSERT INTO `goods` VALUES ('23', '草莓冰淇淋', '/picture/9-1.jpg', '/picture/9-2.jpg', '/picture/9-3.jpg', '299', '甜郁草莓配合冰淇淋的丝滑口感,让清爽与浪漫在爱情果园激情碰撞,恋上草莓,这份心情,美妙非凡.\r\n主口味:草莓口味 主要原料:草莓果溶 草莓  甜度:三星（满五星） 最佳食用温度：-12至-15摄氏度', '10', '1');
INSERT INTO `goods` VALUES ('24', '玫瑰舒芙蕾', '/picture/10-1.jpg', '/picture/10-2.jpg', '/picture/10-3.jpg', '28', '优选法国芝士,奶香浓郁,质地柔滑,口感细腻.法国芝士有助于提升糕点的整体口感,完美平衡酸度与甜味,制作出的糕点更加洁白纯美.', '10', '2');
INSERT INTO `goods` VALUES ('25', '半熟芝士', '/picture/11-1.jpg', '/picture/11-1.jpg', '/picture/11-1.jpg', '38', '为了保证芝士的香醇,半熟芝士借鉴日本温泉煮鸡蛋的做法,把芝士,牛奶,鸡蛋,天然奶油,砂糖,小麦粉拌成面糊,通过水浴蒸烤,保证芝士蛋糕细嫩,柔软,留住芝士的香醇细滑.', '10', '2');
INSERT INTO `goods` VALUES ('26', '青森芝士条', '/picture/12-1.jpg', '/picture/1-2.jpg', '/picture/12-1.jpg', '36', '青森芝士和风轻拂,,奶香浓郁,质地柔滑,口感细腻.', '10', '2');
INSERT INTO `goods` VALUES ('27', '蜂蜜蛋糕', '/picture/13-1.jpg', '/picture/13-1.jpg', '/picture/13-1.jpg', '36', '蛋黄与蜂蜜,淡奶油共同演绎的曼妙之旅.口感Q糯浓郁,回味绵软柔长.皱巴巴的造型,甜蜜蜜的感受.', '10', '2');
INSERT INTO `goods` VALUES ('28', '意大利芝士饼干', '/picture/14-1.jpg', '/picture/14-1.jpg', '/picture/14-1.jpg', '39', '采用帕玛森芝士为主要原材料制作的意大利芝士饼,奶香浓郁,鲜香可口.', '10', '2');
INSERT INTO `goods` VALUES ('29', '小熊乐园', '/picture/8-1.jpg', '/picture/8-2.jpg', '/picture/8-3.jpg', '299', '走进小熊乐园,与可爱的小熊一起准备过冬的食物吧,摘颗草莓藏放在巧克力做的房子里,好朋友一起分享劳动的果实.\r\n主口味:草莓奶油味 主要原料:乳脂奶油,纯巧克力,朗姆酒,幼砂糖,鲜草莓 甜度:二星（满五星） 最佳食用温度：5-7摄氏度', '10', '3');
INSERT INTO `goods` VALUES ('30', '草莓冰淇淋', '/picture/9-1.jpg', '/picture/9-2.jpg', '/picture/9-3.jpg', '299', '甜郁草莓配合冰淇淋的丝滑口感,让清爽与浪漫在爱情果园激情碰撞,恋上草莓,这份心情,美妙非凡.\r\n主口味:草莓口味 主要原料:草莓果溶 草莓  甜度:三星（满五星） 最佳食用温度：-12至-15摄氏度', '10', '1');
INSERT INTO `goods` VALUES ('31', '玫瑰舒芙蕾', '/picture/10-1.jpg', '/picture/10-2.jpg', '/picture/10-3.jpg', '28', '优选法国芝士,奶香浓郁,质地柔滑,口感细腻.法国芝士有助于提升糕点的整体口感,完美平衡酸度与甜味,制作出的糕点更加洁白纯美.', '10', '2');
INSERT INTO `goods` VALUES ('32', '半熟芝士', '/picture/11-1.jpg', '/picture/11-1.jpg', '/picture/11-1.jpg', '38', '为了保证芝士的香醇,半熟芝士借鉴日本温泉煮鸡蛋的做法,把芝士,牛奶,鸡蛋,天然奶油,砂糖,小麦粉拌成面糊,通过水浴蒸烤,保证芝士蛋糕细嫩,柔软,留住芝士的香醇细滑.', '10', '2');
INSERT INTO `goods` VALUES ('33', '青森芝士条', '/picture/12-1.jpg', '/picture/1-2.jpg', '/picture/12-1.jpg', '36', '青森芝士和风轻拂,,奶香浓郁,质地柔滑,口感细腻.', '10', '2');
INSERT INTO `goods` VALUES ('34', '蜂蜜蛋糕', '/picture/13-1.jpg', '/picture/13-1.jpg', '/picture/13-1.jpg', '36', '蛋黄与蜂蜜,淡奶油共同演绎的曼妙之旅.口感Q糯浓郁,回味绵软柔长.皱巴巴的造型,甜蜜蜜的感受.', '10', '2');
INSERT INTO `goods` VALUES ('35', '意大利芝士饼干', '/picture/14-1.jpg', '/picture/14-1.jpg', '/picture/14-1.jpg', '39', '采用帕玛森芝士为主要原材料制作的意大利芝士饼,奶香浓郁,鲜香可口.', '10', '2');
INSERT INTO `goods` VALUES ('36', '小熊乐园', '/picture/8-1.jpg', '/picture/8-2.jpg', '/picture/8-3.jpg', '299', '走进小熊乐园,与可爱的小熊一起准备过冬的食物吧,摘颗草莓藏放在巧克力做的房子里,好朋友一起分享劳动的果实.\r\n主口味:草莓奶油味 主要原料:乳脂奶油,纯巧克力,朗姆酒,幼砂糖,鲜草莓 甜度:二星（满五星） 最佳食用温度：5-7摄氏度', '10', '3');
INSERT INTO `goods` VALUES ('37', '草莓冰淇淋', '/picture/9-1.jpg', '/picture/9-2.jpg', '/picture/9-3.jpg', '299', '甜郁草莓配合冰淇淋的丝滑口感,让清爽与浪漫在爱情果园激情碰撞,恋上草莓,这份心情,美妙非凡.\r\n主口味:草莓口味 主要原料:草莓果溶 草莓  甜度:三星（满五星） 最佳食用温度：-12至-15摄氏度', '10', '1');
INSERT INTO `goods` VALUES ('38', '玫瑰舒芙蕾', '/picture/10-1.jpg', '/picture/10-2.jpg', '/picture/10-3.jpg', '28', '优选法国芝士,奶香浓郁,质地柔滑,口感细腻.法国芝士有助于提升糕点的整体口感,完美平衡酸度与甜味,制作出的糕点更加洁白纯美.', '10', '2');
INSERT INTO `goods` VALUES ('39', '半熟芝士', '/picture/11-1.jpg', '/picture/11-1.jpg', '/picture/11-1.jpg', '38', '为了保证芝士的香醇,半熟芝士借鉴日本温泉煮鸡蛋的做法,把芝士,牛奶,鸡蛋,天然奶油,砂糖,小麦粉拌成面糊,通过水浴蒸烤,保证芝士蛋糕细嫩,柔软,留住芝士的香醇细滑.', '10', '2');
INSERT INTO `goods` VALUES ('40', '青森芝士条', '/picture/12-1.jpg', '/picture/1-2.jpg', '/picture/12-1.jpg', '36', '青森芝士和风轻拂,,奶香浓郁,质地柔滑,口感细腻.', '10', '2');
INSERT INTO `goods` VALUES ('41', '蜂蜜蛋糕', '/picture/13-1.jpg', '/picture/13-1.jpg', '/picture/13-1.jpg', '36', '蛋黄与蜂蜜,淡奶油共同演绎的曼妙之旅.口感Q糯浓郁,回味绵软柔长.皱巴巴的造型,甜蜜蜜的感受.', '10', '2');
INSERT INTO `goods` VALUES ('42', '意大利芝士饼干', '/picture/14-1.jpg', '/picture/14-1.jpg', '/picture/14-1.jpg', '39', '采用帕玛森芝士为主要原材料制作的意大利芝士饼,奶香浓郁,鲜香可口.', '10', '2');
INSERT INTO `goods` VALUES ('43', '小熊乐园', '/picture/8-1.jpg', '/picture/8-2.jpg', '/picture/8-3.jpg', '299', '走进小熊乐园,与可爱的小熊一起准备过冬的食物吧,摘颗草莓藏放在巧克力做的房子里,好朋友一起分享劳动的果实.\r\n主口味:草莓奶油味 主要原料:乳脂奶油,纯巧克力,朗姆酒,幼砂糖,鲜草莓 甜度:二星（满五星） 最佳食用温度：5-7摄氏度', '10', '3');
INSERT INTO `goods` VALUES ('44', '草莓冰淇淋', '/picture/9-1.jpg', '/picture/9-2.jpg', '/picture/9-3.jpg', '299', '甜郁草莓配合冰淇淋的丝滑口感,让清爽与浪漫在爱情果园激情碰撞,恋上草莓,这份心情,美妙非凡.\r\n主口味:草莓口味 主要原料:草莓果溶 草莓  甜度:三星（满五星） 最佳食用温度：-12至-15摄氏度', '10', '1');
INSERT INTO `goods` VALUES ('45', '玫瑰舒芙蕾', '/picture/10-1.jpg', '/picture/10-2.jpg', '/picture/10-3.jpg', '28', '优选法国芝士,奶香浓郁,质地柔滑,口感细腻.法国芝士有助于提升糕点的整体口感,完美平衡酸度与甜味,制作出的糕点更加洁白纯美.', '10', '2');
INSERT INTO `goods` VALUES ('46', '半熟芝士', '/picture/11-1.jpg', '/picture/11-1.jpg', '/picture/11-1.jpg', '38', '为了保证芝士的香醇,半熟芝士借鉴日本温泉煮鸡蛋的做法,把芝士,牛奶,鸡蛋,天然奶油,砂糖,小麦粉拌成面糊,通过水浴蒸烤,保证芝士蛋糕细嫩,柔软,留住芝士的香醇细滑.', '10', '2');
INSERT INTO `goods` VALUES ('47', '青森芝士条', '/picture/12-1.jpg', '/picture/1-2.jpg', '/picture/12-1.jpg', '36', '青森芝士和风轻拂,,奶香浓郁,质地柔滑,口感细腻.', '10', '2');
INSERT INTO `goods` VALUES ('48', '蜂蜜蛋糕', '/picture/13-1.jpg', '/picture/13-1.jpg', '/picture/13-1.jpg', '36', '蛋黄与蜂蜜,淡奶油共同演绎的曼妙之旅.口感Q糯浓郁,回味绵软柔长.皱巴巴的造型,甜蜜蜜的感受.', '10', '2');
INSERT INTO `goods` VALUES ('49', '意大利芝士饼干', '/picture/14-1.jpg', '/picture/14-1.jpg', '/picture/14-1.jpg', '39', '采用帕玛森芝士为主要原材料制作的意大利芝士饼,奶香浓郁,鲜香可口.', '10', '2');
INSERT INTO `goods` VALUES ('50', '小熊乐园', '/picture/8-1.jpg', '/picture/8-2.jpg', '/picture/8-3.jpg', '299', '走进小熊乐园,与可爱的小熊一起准备过冬的食物吧,摘颗草莓藏放在巧克力做的房子里,好朋友一起分享劳动的果实.\r\n主口味:草莓奶油味 主要原料:乳脂奶油,纯巧克力,朗姆酒,幼砂糖,鲜草莓 甜度:二星（满五星） 最佳食用温度：5-7摄氏度', '10', '3');
INSERT INTO `goods` VALUES ('51', '草莓冰淇淋', '/picture/9-1.jpg', '/picture/9-2.jpg', '/picture/9-3.jpg', '299', '甜郁草莓配合冰淇淋的丝滑口感,让清爽与浪漫在爱情果园激情碰撞,恋上草莓,这份心情,美妙非凡.\r\n主口味:草莓口味 主要原料:草莓果溶 草莓  甜度:三星（满五星） 最佳食用温度：-12至-15摄氏度', '10', '1');
INSERT INTO `goods` VALUES ('52', '玫瑰舒芙蕾', '/picture/10-1.jpg', '/picture/10-2.jpg', '/picture/10-3.jpg', '28', '优选法国芝士,奶香浓郁,质地柔滑,口感细腻.法国芝士有助于提升糕点的整体口感,完美平衡酸度与甜味,制作出的糕点更加洁白纯美.', '10', '2');
INSERT INTO `goods` VALUES ('53', '半熟芝士', '/picture/11-1.jpg', '/picture/11-1.jpg', '/picture/11-1.jpg', '38', '为了保证芝士的香醇,半熟芝士借鉴日本温泉煮鸡蛋的做法,把芝士,牛奶,鸡蛋,天然奶油,砂糖,小麦粉拌成面糊,通过水浴蒸烤,保证芝士蛋糕细嫩,柔软,留住芝士的香醇细滑.', '10', '2');
INSERT INTO `goods` VALUES ('54', '青森芝士条', '/picture/12-1.jpg', '/picture/1-2.jpg', '/picture/12-1.jpg', '36', '青森芝士和风轻拂,,奶香浓郁,质地柔滑,口感细腻.', '10', '2');
INSERT INTO `goods` VALUES ('55', '蜂蜜蛋糕', '/picture/13-1.jpg', '/picture/13-1.jpg', '/picture/13-1.jpg', '36', '蛋黄与蜂蜜,淡奶油共同演绎的曼妙之旅.口感Q糯浓郁,回味绵软柔长.皱巴巴的造型,甜蜜蜜的感受.', '10', '2');
INSERT INTO `goods` VALUES ('56', '意大利芝士饼干', '/picture/14-1.jpg', '/picture/14-1.jpg', '/picture/14-1.jpg', '39', '采用帕玛森芝士为主要原材料制作的意大利芝士饼,奶香浓郁,鲜香可口.', '10', '2');
INSERT INTO `goods` VALUES ('57', '小熊乐园', '/picture/8-1.jpg', '/picture/8-2.jpg', '/picture/8-3.jpg', '299', '走进小熊乐园,与可爱的小熊一起准备过冬的食物吧,摘颗草莓藏放在巧克力做的房子里,好朋友一起分享劳动的果实.\r\n主口味:草莓奶油味 主要原料:乳脂奶油,纯巧克力,朗姆酒,幼砂糖,鲜草莓 甜度:二星（满五星） 最佳食用温度：5-7摄氏度', '10', '3');
INSERT INTO `goods` VALUES ('58', '草莓冰淇淋', '/picture/9-1.jpg', '/picture/9-2.jpg', '/picture/9-3.jpg', '299', '甜郁草莓配合冰淇淋的丝滑口感,让清爽与浪漫在爱情果园激情碰撞,恋上草莓,这份心情,美妙非凡.\r\n主口味:草莓口味 主要原料:草莓果溶 草莓  甜度:三星（满五星） 最佳食用温度：-12至-15摄氏度', '10', '1');
INSERT INTO `goods` VALUES ('59', '玫瑰舒芙蕾', '/picture/10-1.jpg', '/picture/10-2.jpg', '/picture/10-3.jpg', '28', '优选法国芝士,奶香浓郁,质地柔滑,口感细腻.法国芝士有助于提升糕点的整体口感,完美平衡酸度与甜味,制作出的糕点更加洁白纯美.', '10', '2');
INSERT INTO `goods` VALUES ('60', '半熟芝士', '/picture/11-1.jpg', '/picture/11-1.jpg', '/picture/11-1.jpg', '38', '为了保证芝士的香醇,半熟芝士借鉴日本温泉煮鸡蛋的做法,把芝士,牛奶,鸡蛋,天然奶油,砂糖,小麦粉拌成面糊,通过水浴蒸烤,保证芝士蛋糕细嫩,柔软,留住芝士的香醇细滑.', '10', '2');
INSERT INTO `goods` VALUES ('61', '青森芝士条', '/picture/12-1.jpg', '/picture/1-2.jpg', '/picture/12-1.jpg', '36', '青森芝士和风轻拂,,奶香浓郁,质地柔滑,口感细腻.', '10', '2');
INSERT INTO `goods` VALUES ('62', '蜂蜜蛋糕', '/picture/13-1.jpg', '/picture/13-1.jpg', '/picture/13-1.jpg', '36', '蛋黄与蜂蜜,淡奶油共同演绎的曼妙之旅.口感Q糯浓郁,回味绵软柔长.皱巴巴的造型,甜蜜蜜的感受.', '10', '2');
INSERT INTO `goods` VALUES ('63', '意大利芝士饼干', '/picture/14-1.jpg', '/picture/14-1.jpg', '/picture/14-1.jpg', '39', '采用帕玛森芝士为主要原材料制作的意大利芝士饼,奶香浓郁,鲜香可口.', '10', '2');
INSERT INTO `goods` VALUES ('64', '半熟芝士', '/picture/11-1.jpg', '/picture/11-1.jpg', '/picture/11-1.jpg', '38', '为了保证芝士的香醇,半熟芝士借鉴日本温泉煮鸡蛋的做法,把芝士,牛奶,鸡蛋,天然奶油,砂糖,小麦粉拌成面糊,通过水浴蒸烤,保证芝士蛋糕细嫩,柔软,留住芝士的香醇细滑.', '10', '2');
INSERT INTO `goods` VALUES ('65', '青森芝士条', '/picture/12-1.jpg', '/picture/1-2.jpg', '/picture/12-1.jpg', '36', '青森芝士和风轻拂,,奶香浓郁,质地柔滑,口感细腻.', '10', '2');
INSERT INTO `goods` VALUES ('66', '蜂蜜蛋糕', '/picture/13-1.jpg', '/picture/13-1.jpg', '/picture/13-1.jpg', '36', '蛋黄与蜂蜜,淡奶油共同演绎的曼妙之旅.口感Q糯浓郁,回味绵软柔长.皱巴巴的造型,甜蜜蜜的感受.', '10', '2');
INSERT INTO `goods` VALUES ('67', '意大利芝士饼干', '/picture/14-1.jpg', '/picture/14-1.jpg', '/picture/14-1.jpg', '39', '采用帕玛森芝士为主要原材料制作的意大利芝士饼,奶香浓郁,鲜香可口.', '10', '2');
INSERT INTO `goods` VALUES ('68', '小熊乐园', '/picture/8-1.jpg', '/picture/8-2.jpg', '/picture/8-3.jpg', '299', '走进小熊乐园,与可爱的小熊一起准备过冬的食物吧,摘颗草莓藏放在巧克力做的房子里,好朋友一起分享劳动的果实.\r\n主口味:草莓奶油味 主要原料:乳脂奶油,纯巧克力,朗姆酒,幼砂糖,鲜草莓 甜度:二星（满五星） 最佳食用温度：5-7摄氏度', '10', '3');
INSERT INTO `goods` VALUES ('69', '草莓冰淇淋', '/picture/9-1.jpg', '/picture/9-2.jpg', '/picture/9-3.jpg', '299', '甜郁草莓配合冰淇淋的丝滑口感,让清爽与浪漫在爱情果园激情碰撞,恋上草莓,这份心情,美妙非凡.\r\n主口味:草莓口味 主要原料:草莓果溶 草莓  甜度:三星（满五星） 最佳食用温度：-12至-15摄氏度', '10', '1');
INSERT INTO `goods` VALUES ('70', '玫瑰舒芙蕾', '/picture/10-1.jpg', '/picture/10-2.jpg', '/picture/10-3.jpg', '28', '优选法国芝士,奶香浓郁,质地柔滑,口感细腻.法国芝士有助于提升糕点的整体口感,完美平衡酸度与甜味,制作出的糕点更加洁白纯美.', '10', '2');
INSERT INTO `goods` VALUES ('71', '半熟芝士', '/picture/11-1.jpg', '/picture/11-1.jpg', '/picture/11-1.jpg', '38', '为了保证芝士的香醇,半熟芝士借鉴日本温泉煮鸡蛋的做法,把芝士,牛奶,鸡蛋,天然奶油,砂糖,小麦粉拌成面糊,通过水浴蒸烤,保证芝士蛋糕细嫩,柔软,留住芝士的香醇细滑.', '10', '2');
INSERT INTO `goods` VALUES ('72', '青森芝士条', '/picture/12-1.jpg', '/picture/1-2.jpg', '/picture/12-1.jpg', '36', '青森芝士和风轻拂,,奶香浓郁,质地柔滑,口感细腻.', '10', '2');
INSERT INTO `goods` VALUES ('73', '蜂蜜蛋糕', '/picture/13-1.jpg', '/picture/13-1.jpg', '/picture/13-1.jpg', '36', '蛋黄与蜂蜜,淡奶油共同演绎的曼妙之旅.口感Q糯浓郁,回味绵软柔长.皱巴巴的造型,甜蜜蜜的感受.', '10', '2');
INSERT INTO `goods` VALUES ('74', '意大利芝士饼干', '/picture/14-1.jpg', '/picture/14-1.jpg', '/picture/14-1.jpg', '39', '采用帕玛森芝士为主要原材料制作的意大利芝士饼,奶香浓郁,鲜香可口.', '10', '2');
INSERT INTO `goods` VALUES ('75', '小熊乐园', '/picture/8-1.jpg', '/picture/8-2.jpg', '/picture/8-3.jpg', '299', '走进小熊乐园,与可爱的小熊一起准备过冬的食物吧,摘颗草莓藏放在巧克力做的房子里,好朋友一起分享劳动的果实.\r\n主口味:草莓奶油味 主要原料:乳脂奶油,纯巧克力,朗姆酒,幼砂糖,鲜草莓 甜度:二星（满五星） 最佳食用温度：5-7摄氏度', '10', '3');
INSERT INTO `goods` VALUES ('76', '草莓冰淇淋', '/picture/9-1.jpg', '/picture/9-2.jpg', '/picture/9-3.jpg', '299', '甜郁草莓配合冰淇淋的丝滑口感,让清爽与浪漫在爱情果园激情碰撞,恋上草莓,这份心情,美妙非凡.\r\n主口味:草莓口味 主要原料:草莓果溶 草莓  甜度:三星（满五星） 最佳食用温度：-12至-15摄氏度', '10', '1');
INSERT INTO `goods` VALUES ('77', '玫瑰舒芙蕾', '/picture/10-1.jpg', '/picture/10-2.jpg', '/picture/10-3.jpg', '28', '优选法国芝士,奶香浓郁,质地柔滑,口感细腻.法国芝士有助于提升糕点的整体口感,完美平衡酸度与甜味,制作出的糕点更加洁白纯美.', '10', '2');
INSERT INTO `goods` VALUES ('78', '半熟芝士', '/picture/11-1.jpg', '/picture/11-1.jpg', '/picture/11-1.jpg', '38', '为了保证芝士的香醇,半熟芝士借鉴日本温泉煮鸡蛋的做法,把芝士,牛奶,鸡蛋,天然奶油,砂糖,小麦粉拌成面糊,通过水浴蒸烤,保证芝士蛋糕细嫩,柔软,留住芝士的香醇细滑.', '10', '2');
INSERT INTO `goods` VALUES ('79', '青森芝士条', '/picture/12-1.jpg', '/picture/1-2.jpg', '/picture/12-1.jpg', '36', '青森芝士和风轻拂,,奶香浓郁,质地柔滑,口感细腻.', '10', '2');
INSERT INTO `goods` VALUES ('80', '蜂蜜蛋糕', '/picture/13-1.jpg', '/picture/13-1.jpg', '/picture/13-1.jpg', '36', '蛋黄与蜂蜜,淡奶油共同演绎的曼妙之旅.口感Q糯浓郁,回味绵软柔长.皱巴巴的造型,甜蜜蜜的感受.', '10', '2');
INSERT INTO `goods` VALUES ('81', '意大利芝士饼干', '/picture/14-1.jpg', '/picture/14-1.jpg', '/picture/14-1.jpg', '39', '采用帕玛森芝士为主要原材料制作的意大利芝士饼,奶香浓郁,鲜香可口.', '10', '2');
INSERT INTO `goods` VALUES ('82', '小熊乐园', '/picture/8-1.jpg', '/picture/8-2.jpg', '/picture/8-3.jpg', '299', '走进小熊乐园,与可爱的小熊一起准备过冬的食物吧,摘颗草莓藏放在巧克力做的房子里,好朋友一起分享劳动的果实.\r\n主口味:草莓奶油味 主要原料:乳脂奶油,纯巧克力,朗姆酒,幼砂糖,鲜草莓 甜度:二星（满五星） 最佳食用温度：5-7摄氏度', '10', '3');
INSERT INTO `goods` VALUES ('83', '草莓冰淇淋', '/picture/9-1.jpg', '/picture/9-2.jpg', '/picture/9-3.jpg', '299', '甜郁草莓配合冰淇淋的丝滑口感,让清爽与浪漫在爱情果园激情碰撞,恋上草莓,这份心情,美妙非凡.\r\n主口味:草莓口味 主要原料:草莓果溶 草莓  甜度:三星（满五星） 最佳食用温度：-12至-15摄氏度', '10', '1');
INSERT INTO `goods` VALUES ('84', '玫瑰舒芙蕾', '/picture/10-1.jpg', '/picture/10-2.jpg', '/picture/10-3.jpg', '28', '优选法国芝士,奶香浓郁,质地柔滑,口感细腻.法国芝士有助于提升糕点的整体口感,完美平衡酸度与甜味,制作出的糕点更加洁白纯美.', '10', '2');
INSERT INTO `goods` VALUES ('85', '半熟芝士', '/picture/11-1.jpg', '/picture/11-1.jpg', '/picture/11-1.jpg', '38', '为了保证芝士的香醇,半熟芝士借鉴日本温泉煮鸡蛋的做法,把芝士,牛奶,鸡蛋,天然奶油,砂糖,小麦粉拌成面糊,通过水浴蒸烤,保证芝士蛋糕细嫩,柔软,留住芝士的香醇细滑.', '10', '2');
INSERT INTO `goods` VALUES ('86', '青森芝士条', '/picture/12-1.jpg', '/picture/1-2.jpg', '/picture/12-1.jpg', '36', '青森芝士和风轻拂,,奶香浓郁,质地柔滑,口感细腻.', '10', '2');
INSERT INTO `goods` VALUES ('87', '蜂蜜蛋糕', '/picture/13-1.jpg', '/picture/13-1.jpg', '/picture/13-1.jpg', '36', '蛋黄与蜂蜜,淡奶油共同演绎的曼妙之旅.口感Q糯浓郁,回味绵软柔长.皱巴巴的造型,甜蜜蜜的感受.', '10', '2');
INSERT INTO `goods` VALUES ('88', '意大利芝士饼干', '/picture/14-1.jpg', '/picture/14-1.jpg', '/picture/14-1.jpg', '39', '采用帕玛森芝士为主要原材料制作的意大利芝士饼,奶香浓郁,鲜香可口.', '10', '2');
INSERT INTO `goods` VALUES ('89', '小熊乐园', '/picture/8-1.jpg', '/picture/8-2.jpg', '/picture/8-3.jpg', '299', '走进小熊乐园,与可爱的小熊一起准备过冬的食物吧,摘颗草莓藏放在巧克力做的房子里,好朋友一起分享劳动的果实.\r\n主口味:草莓奶油味 主要原料:乳脂奶油,纯巧克力,朗姆酒,幼砂糖,鲜草莓 甜度:二星（满五星） 最佳食用温度：5-7摄氏度', '10', '3');
INSERT INTO `goods` VALUES ('90', '草莓冰淇淋', '/picture/9-1.jpg', '/picture/9-2.jpg', '/picture/9-3.jpg', '299', '甜郁草莓配合冰淇淋的丝滑口感,让清爽与浪漫在爱情果园激情碰撞,恋上草莓,这份心情,美妙非凡.\r\n主口味:草莓口味 主要原料:草莓果溶 草莓  甜度:三星（满五星） 最佳食用温度：-12至-15摄氏度', '10', '1');
INSERT INTO `goods` VALUES ('91', '玫瑰舒芙蕾', '/picture/10-1.jpg', '/picture/10-2.jpg', '/picture/10-3.jpg', '28', '优选法国芝士,奶香浓郁,质地柔滑,口感细腻.法国芝士有助于提升糕点的整体口感,完美平衡酸度与甜味,制作出的糕点更加洁白纯美.', '10', '2');
INSERT INTO `goods` VALUES ('92', '半熟芝士', '/picture/11-1.jpg', '/picture/11-1.jpg', '/picture/11-1.jpg', '38', '为了保证芝士的香醇,半熟芝士借鉴日本温泉煮鸡蛋的做法,把芝士,牛奶,鸡蛋,天然奶油,砂糖,小麦粉拌成面糊,通过水浴蒸烤,保证芝士蛋糕细嫩,柔软,留住芝士的香醇细滑.', '10', '2');
INSERT INTO `goods` VALUES ('93', '青森芝士条', '/picture/12-1.jpg', '/picture/1-2.jpg', '/picture/12-1.jpg', '36', '青森芝士和风轻拂,,奶香浓郁,质地柔滑,口感细腻.', '10', '2');
INSERT INTO `goods` VALUES ('94', '蜂蜜蛋糕', '/picture/13-1.jpg', '/picture/13-1.jpg', '/picture/13-1.jpg', '36', '蛋黄与蜂蜜,淡奶油共同演绎的曼妙之旅.口感Q糯浓郁,回味绵软柔长.皱巴巴的造型,甜蜜蜜的感受.', '10', '2');
INSERT INTO `goods` VALUES ('95', '意大利芝士饼干', '/picture/14-1.jpg', '/picture/14-1.jpg', '/picture/14-1.jpg', '39', '采用帕玛森芝士为主要原材料制作的意大利芝士饼,奶香浓郁,鲜香可口.', '10', '2');
INSERT INTO `goods` VALUES ('97', '草莓冰淇淋', '/picture/9-1.jpg', '/picture/9-2.jpg', '/picture/9-3.jpg', '299', '甜郁草莓配合冰淇淋的丝滑口感,让清爽与浪漫在爱情果园激情碰撞,恋上草莓,这份心情,美妙非凡.\r\n主口味:草莓口味 主要原料:草莓果溶 草莓  甜度:三星（满五星） 最佳食用温度：-12至-15摄氏度', '10', '1');
INSERT INTO `goods` VALUES ('98', '玫瑰舒芙蕾', '/picture/10-1.jpg', '/picture/10-2.jpg', '/picture/10-3.jpg', '28', '优选法国芝士,奶香浓郁,质地柔滑,口感细腻.法国芝士有助于提升糕点的整体口感,完美平衡酸度与甜味,制作出的糕点更加洁白纯美.', '10', '2');
INSERT INTO `goods` VALUES ('99', '半熟芝士', '/picture/11-1.jpg', '/picture/11-1.jpg', '/picture/11-1.jpg', '38', '为了保证芝士的香醇,半熟芝士借鉴日本温泉煮鸡蛋的做法,把芝士,牛奶,鸡蛋,天然奶油,砂糖,小麦粉拌成面糊,通过水浴蒸烤,保证芝士蛋糕细嫩,柔软,留住芝士的香醇细滑.', '10', '2');
INSERT INTO `goods` VALUES ('100', '青森芝士条', '/picture/12-1.jpg', '/picture/1-2.jpg', '/picture/12-1.jpg', '36', '青森芝士和风轻拂,,奶香浓郁,质地柔滑,口感细腻.', '10', '2');
INSERT INTO `goods` VALUES ('101', '蜂蜜蛋糕', '/picture/13-1.jpg', '/picture/13-1.jpg', '/picture/13-1.jpg', '36', '蛋黄与蜂蜜,淡奶油共同演绎的曼妙之旅.口感Q糯浓郁,回味绵软柔长.皱巴巴的造型,甜蜜蜜的感受.', '10', '2');
INSERT INTO `goods` VALUES ('102', '意大利芝士饼干', '/picture/14-1.jpg', '/picture/14-1.jpg', '/picture/14-1.jpg', '39', '采用帕玛森芝士为主要原材料制作的意大利芝士饼,奶香浓郁,鲜香可口.', '10', '2');
INSERT INTO `goods` VALUES ('103', '半熟芝士', '/picture/11-1.jpg', '/picture/11-1.jpg', '/picture/11-1.jpg', '38', '为了保证芝士的香醇,半熟芝士借鉴日本温泉煮鸡蛋的做法,把芝士,牛奶,鸡蛋,天然奶油,砂糖,小麦粉拌成面糊,通过水浴蒸烤,保证芝士蛋糕细嫩,柔软,留住芝士的香醇细滑.', '10', '2');
INSERT INTO `goods` VALUES ('104', '青森芝士条', '/picture/12-1.jpg', '/picture/1-2.jpg', '/picture/12-1.jpg', '36', '青森芝士和风轻拂,,奶香浓郁,质地柔滑,口感细腻.', '10', '2');
INSERT INTO `goods` VALUES ('105', '蜂蜜蛋糕', '/picture/13-1.jpg', '/picture/13-1.jpg', '/picture/13-1.jpg', '36', '蛋黄与蜂蜜,淡奶油共同演绎的曼妙之旅.口感Q糯浓郁,回味绵软柔长.皱巴巴的造型,甜蜜蜜的感受.', '10', '2');
INSERT INTO `goods` VALUES ('106', '意大利芝士饼干', '/picture/14-1.jpg', '/picture/14-1.jpg', '/picture/14-1.jpg', '39', '采用帕玛森芝士为主要原材料制作的意大利芝士饼,奶香浓郁,鲜香可口.', '10', '2');
INSERT INTO `goods` VALUES ('108', '草莓冰淇淋', '/picture/9-1.jpg', '/picture/9-2.jpg', '/picture/9-3.jpg', '299', '甜郁草莓配合冰淇淋的丝滑口感,让清爽与浪漫在爱情果园激情碰撞,恋上草莓,这份心情,美妙非凡.\r\n主口味:草莓口味 主要原料:草莓果溶 草莓  甜度:三星（满五星） 最佳食用温度：-12至-15摄氏度', '10', '1');
INSERT INTO `goods` VALUES ('109', '玫瑰舒芙蕾', '/picture/10-1.jpg', '/picture/10-2.jpg', '/picture/10-3.jpg', '28', '优选法国芝士,奶香浓郁,质地柔滑,口感细腻.法国芝士有助于提升糕点的整体口感,完美平衡酸度与甜味,制作出的糕点更加洁白纯美.', '10', '2');
INSERT INTO `goods` VALUES ('110', '半熟芝士', '/picture/11-1.jpg', '/picture/11-1.jpg', '/picture/11-1.jpg', '38', '为了保证芝士的香醇,半熟芝士借鉴日本温泉煮鸡蛋的做法,把芝士,牛奶,鸡蛋,天然奶油,砂糖,小麦粉拌成面糊,通过水浴蒸烤,保证芝士蛋糕细嫩,柔软,留住芝士的香醇细滑.', '10', '2');
INSERT INTO `goods` VALUES ('111', '青森芝士条', '/picture/12-1.jpg', '/picture/1-2.jpg', '/picture/12-1.jpg', '36', '青森芝士和风轻拂,,奶香浓郁,质地柔滑,口感细腻.', '10', '2');
INSERT INTO `goods` VALUES ('112', '蜂蜜蛋糕', '/picture/13-1.jpg', '/picture/13-1.jpg', '/picture/13-1.jpg', '36', '蛋黄与蜂蜜,淡奶油共同演绎的曼妙之旅.口感Q糯浓郁,回味绵软柔长.皱巴巴的造型,甜蜜蜜的感受.', '10', '2');
INSERT INTO `goods` VALUES ('113', '意大利芝士饼干', '/picture/14-1.jpg', '/picture/14-1.jpg', '/picture/14-1.jpg', '39', '采用帕玛森芝士为主要原材料制作的意大利芝士饼,奶香浓郁,鲜香可口.', '10', '2');
INSERT INTO `goods` VALUES ('114', '小熊乐园', '/picture/8-1.jpg', '/picture/8-2.jpg', '/picture/8-3.jpg', '299', '走进小熊乐园,与可爱的小熊一起准备过冬的食物吧,摘颗草莓藏放在巧克力做的房子里,好朋友一起分享劳动的果实.\r\n主口味:草莓奶油味 主要原料:乳脂奶油,纯巧克力,朗姆酒,幼砂糖,鲜草莓 甜度:二星（满五星） 最佳食用温度：5-7摄氏度', '10', '3');
INSERT INTO `goods` VALUES ('115', '草莓冰淇淋', '/picture/9-1.jpg', '/picture/9-2.jpg', '/picture/9-3.jpg', '299', '甜郁草莓配合冰淇淋的丝滑口感,让清爽与浪漫在爱情果园激情碰撞,恋上草莓,这份心情,美妙非凡.\r\n主口味:草莓口味 主要原料:草莓果溶 草莓  甜度:三星（满五星） 最佳食用温度：-12至-15摄氏度', '10', '1');
INSERT INTO `goods` VALUES ('116', '玫瑰舒芙蕾', '/picture/10-1.jpg', '/picture/10-2.jpg', '/picture/10-3.jpg', '28', '优选法国芝士,奶香浓郁,质地柔滑,口感细腻.法国芝士有助于提升糕点的整体口感,完美平衡酸度与甜味,制作出的糕点更加洁白纯美.', '10', '2');
INSERT INTO `goods` VALUES ('117', '半熟芝士', '/picture/11-1.jpg', '/picture/11-1.jpg', '/picture/11-1.jpg', '38', '为了保证芝士的香醇,半熟芝士借鉴日本温泉煮鸡蛋的做法,把芝士,牛奶,鸡蛋,天然奶油,砂糖,小麦粉拌成面糊,通过水浴蒸烤,保证芝士蛋糕细嫩,柔软,留住芝士的香醇细滑.', '10', '2');
INSERT INTO `goods` VALUES ('118', '青森芝士条', '/picture/12-1.jpg', '/picture/1-2.jpg', '/picture/12-1.jpg', '36', '青森芝士和风轻拂,,奶香浓郁,质地柔滑,口感细腻.', '10', '2');
INSERT INTO `goods` VALUES ('119', '蜂蜜蛋糕', '/picture/13-1.jpg', '/picture/13-1.jpg', '/picture/13-1.jpg', '36', '蛋黄与蜂蜜,淡奶油共同演绎的曼妙之旅.口感Q糯浓郁,回味绵软柔长.皱巴巴的造型,甜蜜蜜的感受.', '10', '2');
INSERT INTO `goods` VALUES ('120', '意大利芝士饼干', '/picture/14-1.jpg', '/picture/14-1.jpg', '/picture/14-1.jpg', '39', '采用帕玛森芝士为主要原材料制作的意大利芝士饼,奶香浓郁,鲜香可口.', '10', '2');
INSERT INTO `goods` VALUES ('121', '小熊乐园', '/picture/8-1.jpg', '/picture/8-2.jpg', '/picture/8-3.jpg', '299', '走进小熊乐园,与可爱的小熊一起准备过冬的食物吧,摘颗草莓藏放在巧克力做的房子里,好朋友一起分享劳动的果实.\r\n主口味:草莓奶油味 主要原料:乳脂奶油,纯巧克力,朗姆酒,幼砂糖,鲜草莓 甜度:二星（满五星） 最佳食用温度：5-7摄氏度', '10', '3');
INSERT INTO `goods` VALUES ('122', '草莓冰淇淋', '/picture/9-1.jpg', '/picture/9-2.jpg', '/picture/9-3.jpg', '299', '甜郁草莓配合冰淇淋的丝滑口感,让清爽与浪漫在爱情果园激情碰撞,恋上草莓,这份心情,美妙非凡.\r\n主口味:草莓口味 主要原料:草莓果溶 草莓  甜度:三星（满五星） 最佳食用温度：-12至-15摄氏度', '10', '1');
INSERT INTO `goods` VALUES ('123', '玫瑰舒芙蕾', '/picture/10-1.jpg', '/picture/10-2.jpg', '/picture/10-3.jpg', '28', '优选法国芝士,奶香浓郁,质地柔滑,口感细腻.法国芝士有助于提升糕点的整体口感,完美平衡酸度与甜味,制作出的糕点更加洁白纯美.', '10', '2');
INSERT INTO `goods` VALUES ('124', '半熟芝士', '/picture/11-1.jpg', '/picture/11-1.jpg', '/picture/11-1.jpg', '38', '为了保证芝士的香醇,半熟芝士借鉴日本温泉煮鸡蛋的做法,把芝士,牛奶,鸡蛋,天然奶油,砂糖,小麦粉拌成面糊,通过水浴蒸烤,保证芝士蛋糕细嫩,柔软,留住芝士的香醇细滑.', '10', '2');
INSERT INTO `goods` VALUES ('125', '青森芝士条', '/picture/12-1.jpg', '/picture/1-2.jpg', '/picture/12-1.jpg', '36', '青森芝士和风轻拂,,奶香浓郁,质地柔滑,口感细腻.', '10', '2');
INSERT INTO `goods` VALUES ('126', '蜂蜜蛋糕', '/picture/13-1.jpg', '/picture/13-1.jpg', '/picture/13-1.jpg', '36', '蛋黄与蜂蜜,淡奶油共同演绎的曼妙之旅.口感Q糯浓郁,回味绵软柔长.皱巴巴的造型,甜蜜蜜的感受.', '10', '2');
INSERT INTO `goods` VALUES ('127', '意大利芝士饼干', '/picture/14-1.jpg', '/picture/14-1.jpg', '/picture/14-1.jpg', '39', '采用帕玛森芝士为主要原材料制作的意大利芝士饼,奶香浓郁,鲜香可口.', '10', '2');
INSERT INTO `goods` VALUES ('128', '小熊乐园', '/picture/8-1.jpg', '/picture/8-2.jpg', '/picture/8-3.jpg', '299', '走进小熊乐园,与可爱的小熊一起准备过冬的食物吧,摘颗草莓藏放在巧克力做的房子里,好朋友一起分享劳动的果实.\r\n主口味:草莓奶油味 主要原料:乳脂奶油,纯巧克力,朗姆酒,幼砂糖,鲜草莓 甜度:二星（满五星） 最佳食用温度：5-7摄氏度', '10', '3');
INSERT INTO `goods` VALUES ('129', '草莓冰淇淋', '/picture/9-1.jpg', '/picture/9-2.jpg', '/picture/9-3.jpg', '299', '甜郁草莓配合冰淇淋的丝滑口感,让清爽与浪漫在爱情果园激情碰撞,恋上草莓,这份心情,美妙非凡.\r\n主口味:草莓口味 主要原料:草莓果溶 草莓  甜度:三星（满五星） 最佳食用温度：-12至-15摄氏度', '10', '1');
INSERT INTO `goods` VALUES ('130', '玫瑰舒芙蕾', '/picture/10-1.jpg', '/picture/10-2.jpg', '/picture/10-3.jpg', '28', '优选法国芝士,奶香浓郁,质地柔滑,口感细腻.法国芝士有助于提升糕点的整体口感,完美平衡酸度与甜味,制作出的糕点更加洁白纯美.', '10', '2');
INSERT INTO `goods` VALUES ('131', '半熟芝士', '/picture/11-1.jpg', '/picture/11-1.jpg', '/picture/11-1.jpg', '38', '为了保证芝士的香醇,半熟芝士借鉴日本温泉煮鸡蛋的做法,把芝士,牛奶,鸡蛋,天然奶油,砂糖,小麦粉拌成面糊,通过水浴蒸烤,保证芝士蛋糕细嫩,柔软,留住芝士的香醇细滑.', '10', '2');
INSERT INTO `goods` VALUES ('132', '青森芝士条', '/picture/12-1.jpg', '/picture/1-2.jpg', '/picture/12-1.jpg', '36', '青森芝士和风轻拂,,奶香浓郁,质地柔滑,口感细腻.', '10', '2');
INSERT INTO `goods` VALUES ('133', '蜂蜜蛋糕', '/picture/13-1.jpg', '/picture/13-1.jpg', '/picture/13-1.jpg', '36', '蛋黄与蜂蜜,淡奶油共同演绎的曼妙之旅.口感Q糯浓郁,回味绵软柔长.皱巴巴的造型,甜蜜蜜的感受.', '10', '2');
INSERT INTO `goods` VALUES ('134', '意大利芝士饼干', '/picture/14-1.jpg', '/picture/14-1.jpg', '/picture/14-1.jpg', '39', '采用帕玛森芝士为主要原材料制作的意大利芝士饼,奶香浓郁,鲜香可口.', '10', '2');
INSERT INTO `goods` VALUES ('135', '小熊乐园', '/picture/8-1.jpg', '/picture/8-2.jpg', '/picture/8-3.jpg', '299', '走进小熊乐园,与可爱的小熊一起准备过冬的食物吧,摘颗草莓藏放在巧克力做的房子里,好朋友一起分享劳动的果实.\r\n主口味:草莓奶油味 主要原料:乳脂奶油,纯巧克力,朗姆酒,幼砂糖,鲜草莓 甜度:二星（满五星） 最佳食用温度：5-7摄氏度', '10', '3');
INSERT INTO `goods` VALUES ('136', '草莓冰淇淋', '/picture/9-1.jpg', '/picture/9-2.jpg', '/picture/9-3.jpg', '299', '甜郁草莓配合冰淇淋的丝滑口感,让清爽与浪漫在爱情果园激情碰撞,恋上草莓,这份心情,美妙非凡.\r\n主口味:草莓口味 主要原料:草莓果溶 草莓  甜度:三星（满五星） 最佳食用温度：-12至-15摄氏度', '10', '1');
INSERT INTO `goods` VALUES ('137', '玫瑰舒芙蕾', '/picture/10-1.jpg', '/picture/10-2.jpg', '/picture/10-3.jpg', '28', '优选法国芝士,奶香浓郁,质地柔滑,口感细腻.法国芝士有助于提升糕点的整体口感,完美平衡酸度与甜味,制作出的糕点更加洁白纯美.', '10', '2');
INSERT INTO `goods` VALUES ('138', '半熟芝士', '/picture/11-1.jpg', '/picture/11-1.jpg', '/picture/11-1.jpg', '38', '为了保证芝士的香醇,半熟芝士借鉴日本温泉煮鸡蛋的做法,把芝士,牛奶,鸡蛋,天然奶油,砂糖,小麦粉拌成面糊,通过水浴蒸烤,保证芝士蛋糕细嫩,柔软,留住芝士的香醇细滑.', '10', '2');
INSERT INTO `goods` VALUES ('139', '青森芝士条', '/picture/12-1.jpg', '/picture/1-2.jpg', '/picture/12-1.jpg', '36', '青森芝士和风轻拂,,奶香浓郁,质地柔滑,口感细腻.', '10', '2');
INSERT INTO `goods` VALUES ('140', '蜂蜜蛋糕', '/picture/13-1.jpg', '/picture/13-1.jpg', '/picture/13-1.jpg', '36', '蛋黄与蜂蜜,淡奶油共同演绎的曼妙之旅.口感Q糯浓郁,回味绵软柔长.皱巴巴的造型,甜蜜蜜的感受.', '10', '2');
INSERT INTO `goods` VALUES ('141', '意大利芝士饼干', '/picture/14-1.jpg', '/picture/14-1.jpg', '/picture/14-1.jpg', '39', '采用帕玛森芝士为主要原材料制作的意大利芝士饼,奶香浓郁,鲜香可口.', '10', '2');
INSERT INTO `goods` VALUES ('142', '半熟芝士', '/picture/11-1.jpg', '/picture/11-1.jpg', '/picture/11-1.jpg', '38', '为了保证芝士的香醇,半熟芝士借鉴日本温泉煮鸡蛋的做法,把芝士,牛奶,鸡蛋,天然奶油,砂糖,小麦粉拌成面糊,通过水浴蒸烤,保证芝士蛋糕细嫩,柔软,留住芝士的香醇细滑.', '10', '2');
INSERT INTO `goods` VALUES ('143', '青森芝士条', '/picture/12-1.jpg', '/picture/1-2.jpg', '/picture/12-1.jpg', '36', '青森芝士和风轻拂,,奶香浓郁,质地柔滑,口感细腻.', '10', '2');
INSERT INTO `goods` VALUES ('144', '蜂蜜蛋糕', '/picture/13-1.jpg', '/picture/13-1.jpg', '/picture/13-1.jpg', '36', '蛋黄与蜂蜜,淡奶油共同演绎的曼妙之旅.口感Q糯浓郁,回味绵软柔长.皱巴巴的造型,甜蜜蜜的感受.', '10', '2');
INSERT INTO `goods` VALUES ('145', '意大利芝士饼干', '/picture/14-1.jpg', '/picture/14-1.jpg', '/picture/14-1.jpg', '39', '采用帕玛森芝士为主要原材料制作的意大利芝士饼,奶香浓郁,鲜香可口.', '10', '2');
INSERT INTO `goods` VALUES ('146', '小熊乐园', '/picture/8-1.jpg', '/picture/8-2.jpg', '/picture/8-3.jpg', '299', '走进小熊乐园,与可爱的小熊一起准备过冬的食物吧,摘颗草莓藏放在巧克力做的房子里,好朋友一起分享劳动的果实.\r\n主口味:草莓奶油味 主要原料:乳脂奶油,纯巧克力,朗姆酒,幼砂糖,鲜草莓 甜度:二星（满五星） 最佳食用温度：5-7摄氏度', '10', '3');
INSERT INTO `goods` VALUES ('147', '草莓冰淇淋', '/picture/9-1.jpg', '/picture/9-2.jpg', '/picture/9-3.jpg', '299', '甜郁草莓配合冰淇淋的丝滑口感,让清爽与浪漫在爱情果园激情碰撞,恋上草莓,这份心情,美妙非凡.\r\n主口味:草莓口味 主要原料:草莓果溶 草莓  甜度:三星（满五星） 最佳食用温度：-12至-15摄氏度', '10', '1');
INSERT INTO `goods` VALUES ('148', '玫瑰舒芙蕾', '/picture/10-1.jpg', '/picture/10-2.jpg', '/picture/10-3.jpg', '28', '优选法国芝士,奶香浓郁,质地柔滑,口感细腻.法国芝士有助于提升糕点的整体口感,完美平衡酸度与甜味,制作出的糕点更加洁白纯美.', '10', '2');
INSERT INTO `goods` VALUES ('149', '半熟芝士', '/picture/11-1.jpg', '/picture/11-1.jpg', '/picture/11-1.jpg', '38', '为了保证芝士的香醇,半熟芝士借鉴日本温泉煮鸡蛋的做法,把芝士,牛奶,鸡蛋,天然奶油,砂糖,小麦粉拌成面糊,通过水浴蒸烤,保证芝士蛋糕细嫩,柔软,留住芝士的香醇细滑.', '10', '2');
INSERT INTO `goods` VALUES ('150', '青森芝士条', '/picture/12-1.jpg', '/picture/1-2.jpg', '/picture/12-1.jpg', '36', '青森芝士和风轻拂,,奶香浓郁,质地柔滑,口感细腻.', '10', '2');
INSERT INTO `goods` VALUES ('151', '蜂蜜蛋糕', '/picture/13-1.jpg', '/picture/13-1.jpg', '/picture/13-1.jpg', '36', '蛋黄与蜂蜜,淡奶油共同演绎的曼妙之旅.口感Q糯浓郁,回味绵软柔长.皱巴巴的造型,甜蜜蜜的感受.', '10', '2');
INSERT INTO `goods` VALUES ('152', '意大利芝士饼干', '/picture/14-1.jpg', '/picture/14-1.jpg', '/picture/14-1.jpg', '39', '采用帕玛森芝士为主要原材料制作的意大利芝士饼,奶香浓郁,鲜香可口.', '10', '2');
INSERT INTO `goods` VALUES ('153', '小熊乐园', '/picture/8-1.jpg', '/picture/8-2.jpg', '/picture/8-3.jpg', '299', '走进小熊乐园,与可爱的小熊一起准备过冬的食物吧,摘颗草莓藏放在巧克力做的房子里,好朋友一起分享劳动的果实.\r\n主口味:草莓奶油味 主要原料:乳脂奶油,纯巧克力,朗姆酒,幼砂糖,鲜草莓 甜度:二星（满五星） 最佳食用温度：5-7摄氏度', '10', '3');
INSERT INTO `goods` VALUES ('154', '草莓冰淇淋', '/picture/9-1.jpg', '/picture/9-2.jpg', '/picture/9-3.jpg', '299', '甜郁草莓配合冰淇淋的丝滑口感,让清爽与浪漫在爱情果园激情碰撞,恋上草莓,这份心情,美妙非凡.\r\n主口味:草莓口味 主要原料:草莓果溶 草莓  甜度:三星（满五星） 最佳食用温度：-12至-15摄氏度', '10', '1');
INSERT INTO `goods` VALUES ('155', '玫瑰舒芙蕾', '/picture/10-1.jpg', '/picture/10-2.jpg', '/picture/10-3.jpg', '28', '优选法国芝士,奶香浓郁,质地柔滑,口感细腻.法国芝士有助于提升糕点的整体口感,完美平衡酸度与甜味,制作出的糕点更加洁白纯美.', '10', '2');
INSERT INTO `goods` VALUES ('156', '半熟芝士', '/picture/11-1.jpg', '/picture/11-1.jpg', '/picture/11-1.jpg', '38', '为了保证芝士的香醇,半熟芝士借鉴日本温泉煮鸡蛋的做法,把芝士,牛奶,鸡蛋,天然奶油,砂糖,小麦粉拌成面糊,通过水浴蒸烤,保证芝士蛋糕细嫩,柔软,留住芝士的香醇细滑.', '10', '2');
INSERT INTO `goods` VALUES ('157', '青森芝士条', '/picture/12-1.jpg', '/picture/1-2.jpg', '/picture/12-1.jpg', '36', '青森芝士和风轻拂,,奶香浓郁,质地柔滑,口感细腻.', '10', '2');
INSERT INTO `goods` VALUES ('158', '蜂蜜蛋糕', '/picture/13-1.jpg', '/picture/13-1.jpg', '/picture/13-1.jpg', '36', '蛋黄与蜂蜜,淡奶油共同演绎的曼妙之旅.口感Q糯浓郁,回味绵软柔长.皱巴巴的造型,甜蜜蜜的感受.', '10', '2');
INSERT INTO `goods` VALUES ('159', '意大利芝士饼干', '/picture/14-1.jpg', '/picture/14-1.jpg', '/picture/14-1.jpg', '39', '采用帕玛森芝士为主要原材料制作的意大利芝士饼,奶香浓郁,鲜香可口.', '10', '2');
INSERT INTO `goods` VALUES ('160', '小熊乐园', '/picture/8-1.jpg', '/picture/8-2.jpg', '/picture/8-3.jpg', '299', '走进小熊乐园,与可爱的小熊一起准备过冬的食物吧,摘颗草莓藏放在巧克力做的房子里,好朋友一起分享劳动的果实.\r\n主口味:草莓奶油味 主要原料:乳脂奶油,纯巧克力,朗姆酒,幼砂糖,鲜草莓 甜度:二星（满五星） 最佳食用温度：5-7摄氏度', '10', '3');
INSERT INTO `goods` VALUES ('161', '草莓冰淇淋', '/picture/9-1.jpg', '/picture/9-2.jpg', '/picture/9-3.jpg', '299', '甜郁草莓配合冰淇淋的丝滑口感,让清爽与浪漫在爱情果园激情碰撞,恋上草莓,这份心情,美妙非凡.\r\n主口味:草莓口味 主要原料:草莓果溶 草莓  甜度:三星（满五星） 最佳食用温度：-12至-15摄氏度', '10', '1');
INSERT INTO `goods` VALUES ('162', '玫瑰舒芙蕾', '/picture/10-1.jpg', '/picture/10-2.jpg', '/picture/10-3.jpg', '28', '优选法国芝士,奶香浓郁,质地柔滑,口感细腻.法国芝士有助于提升糕点的整体口感,完美平衡酸度与甜味,制作出的糕点更加洁白纯美.', '10', '2');
INSERT INTO `goods` VALUES ('163', '半熟芝士', '/picture/11-1.jpg', '/picture/11-1.jpg', '/picture/11-1.jpg', '38', '为了保证芝士的香醇,半熟芝士借鉴日本温泉煮鸡蛋的做法,把芝士,牛奶,鸡蛋,天然奶油,砂糖,小麦粉拌成面糊,通过水浴蒸烤,保证芝士蛋糕细嫩,柔软,留住芝士的香醇细滑.', '10', '2');
INSERT INTO `goods` VALUES ('164', '青森芝士条', '/picture/12-1.jpg', '/picture/1-2.jpg', '/picture/12-1.jpg', '36', '青森芝士和风轻拂,,奶香浓郁,质地柔滑,口感细腻.', '10', '2');
INSERT INTO `goods` VALUES ('165', '蜂蜜蛋糕', '/picture/13-1.jpg', '/picture/13-1.jpg', '/picture/13-1.jpg', '36', '蛋黄与蜂蜜,淡奶油共同演绎的曼妙之旅.口感Q糯浓郁,回味绵软柔长.皱巴巴的造型,甜蜜蜜的感受.', '10', '2');
INSERT INTO `goods` VALUES ('166', '意大利芝士饼干', '/picture/14-1.jpg', '/picture/14-1.jpg', '/picture/14-1.jpg', '39', '采用帕玛森芝士为主要原材料制作的意大利芝士饼,奶香浓郁,鲜香可口.', '10', '2');
INSERT INTO `goods` VALUES ('167', '小熊乐园', '/picture/8-1.jpg', '/picture/8-2.jpg', '/picture/8-3.jpg', '299', '走进小熊乐园,与可爱的小熊一起准备过冬的食物吧,摘颗草莓藏放在巧克力做的房子里,好朋友一起分享劳动的果实.\r\n主口味:草莓奶油味 主要原料:乳脂奶油,纯巧克力,朗姆酒,幼砂糖,鲜草莓 甜度:二星（满五星） 最佳食用温度：5-7摄氏度', '10', '3');
INSERT INTO `goods` VALUES ('168', '草莓冰淇淋', '/picture/9-1.jpg', '/picture/9-2.jpg', '/picture/9-3.jpg', '299', '甜郁草莓配合冰淇淋的丝滑口感,让清爽与浪漫在爱情果园激情碰撞,恋上草莓,这份心情,美妙非凡.\r\n主口味:草莓口味 主要原料:草莓果溶 草莓  甜度:三星（满五星） 最佳食用温度：-12至-15摄氏度', '10', '1');
INSERT INTO `goods` VALUES ('169', '玫瑰舒芙蕾', '/picture/10-1.jpg', '/picture/10-2.jpg', '/picture/10-3.jpg', '28', '优选法国芝士,奶香浓郁,质地柔滑,口感细腻.法国芝士有助于提升糕点的整体口感,完美平衡酸度与甜味,制作出的糕点更加洁白纯美.', '10', '2');
INSERT INTO `goods` VALUES ('170', '半熟芝士', '/picture/11-1.jpg', '/picture/11-1.jpg', '/picture/11-1.jpg', '38', '为了保证芝士的香醇,半熟芝士借鉴日本温泉煮鸡蛋的做法,把芝士,牛奶,鸡蛋,天然奶油,砂糖,小麦粉拌成面糊,通过水浴蒸烤,保证芝士蛋糕细嫩,柔软,留住芝士的香醇细滑.', '10', '2');
INSERT INTO `goods` VALUES ('171', '青森芝士条', '/picture/12-1.jpg', '/picture/1-2.jpg', '/picture/12-1.jpg', '36', '青森芝士和风轻拂,,奶香浓郁,质地柔滑,口感细腻.', '10', '2');
INSERT INTO `goods` VALUES ('172', '蜂蜜蛋糕', '/picture/13-1.jpg', '/picture/13-1.jpg', '/picture/13-1.jpg', '36', '蛋黄与蜂蜜,淡奶油共同演绎的曼妙之旅.口感Q糯浓郁,回味绵软柔长.皱巴巴的造型,甜蜜蜜的感受.', '10', '2');
INSERT INTO `goods` VALUES ('173', '意大利芝士饼干', '/picture/14-1.jpg', '/picture/14-1.jpg', '/picture/14-1.jpg', '39', '采用帕玛森芝士为主要原材料制作的意大利芝士饼,奶香浓郁,鲜香可口.', '10', '2');
INSERT INTO `goods` VALUES ('174', '小熊乐园', '/picture/8-1.jpg', '/picture/8-2.jpg', '/picture/8-3.jpg', '299', '走进小熊乐园,与可爱的小熊一起准备过冬的食物吧,摘颗草莓藏放在巧克力做的房子里,好朋友一起分享劳动的果实.\r\n主口味:草莓奶油味 主要原料:乳脂奶油,纯巧克力,朗姆酒,幼砂糖,鲜草莓 甜度:二星（满五星） 最佳食用温度：5-7摄氏度', '10', '3');
INSERT INTO `goods` VALUES ('175', '草莓冰淇淋', '/picture/9-1.jpg', '/picture/9-2.jpg', '/picture/9-3.jpg', '299', '甜郁草莓配合冰淇淋的丝滑口感,让清爽与浪漫在爱情果园激情碰撞,恋上草莓,这份心情,美妙非凡.\r\n主口味:草莓口味 主要原料:草莓果溶 草莓  甜度:三星（满五星） 最佳食用温度：-12至-15摄氏度', '10', '1');
INSERT INTO `goods` VALUES ('176', '玫瑰舒芙蕾', '/picture/10-1.jpg', '/picture/10-2.jpg', '/picture/10-3.jpg', '28', '优选法国芝士,奶香浓郁,质地柔滑,口感细腻.法国芝士有助于提升糕点的整体口感,完美平衡酸度与甜味,制作出的糕点更加洁白纯美.', '10', '2');
INSERT INTO `goods` VALUES ('177', '半熟芝士', '/picture/11-1.jpg', '/picture/11-1.jpg', '/picture/11-1.jpg', '38', '为了保证芝士的香醇,半熟芝士借鉴日本温泉煮鸡蛋的做法,把芝士,牛奶,鸡蛋,天然奶油,砂糖,小麦粉拌成面糊,通过水浴蒸烤,保证芝士蛋糕细嫩,柔软,留住芝士的香醇细滑.', '10', '2');
INSERT INTO `goods` VALUES ('178', '青森芝士条', '/picture/12-1.jpg', '/picture/1-2.jpg', '/picture/12-1.jpg', '36', '青森芝士和风轻拂,,奶香浓郁,质地柔滑,口感细腻.', '10', '2');
INSERT INTO `goods` VALUES ('1028', '岗头一号房', '/picture/q-11.jpg', '/picture/q-11.jpg', '/picture/q-11.jpg', '1099', '地铁站附近100m', '10', '21');
INSERT INTO `goods` VALUES ('1029', '岗厦一号房', '/picture/q-11.jpg', '/picture/q-11.jpg', '/picture/q-11.jpg', '1099', '地铁站附近100m', '10', '22');
INSERT INTO `goods` VALUES ('1031', '福永一号房', '/picture/q-11.jpg', '/picture/q-11.jpg', '/picture/q-11.jpg', '1099', '地铁站附近100m', '10', '21');
INSERT INTO `goods` VALUES ('1032', '大芬一号房', '/picture/q-11.jpg', '/picture/q-11.jpg', '/picture/q-11.jpg', '1099', '地铁站附近100m', '10', '22');
INSERT INTO `goods` VALUES ('1033', '布吉一号房', '/picture/q-11.jpg', '/picture/q-11.jpg', '/picture/q-11.jpg', '1199', '地铁站附近200m', '10', '23');
INSERT INTO `goods` VALUES ('1034', '五和一号房', '/picture/q-11.jpg', '/picture/q-11.jpg', '/picture/q-11.jpg', '1199', '地铁站附近200m', '10', '21');
INSERT INTO `goods` VALUES ('1035', '华为单身一号房', '/picture/q-11.jpg', '/picture/q-11.jpg', '/picture/q-11.jpg', '1199', '地铁站附近200m', '10', '22');
INSERT INTO `goods` VALUES ('1036', '雪象一号房', '/picture/q-11.jpg', '/picture/q-11.jpg', '/picture/q-11.jpg', '1199', '地铁站附近200m', '10', '23');
INSERT INTO `goods` VALUES ('1037', '黄贝岭一号房', '/picture/q-11.jpg', '/picture/q-11.jpg', '/picture/q-11.jpg', '1199', '地铁站附近200m', '10', '21');
INSERT INTO `goods` VALUES ('1038', '赤湾一号房', '/picture/q-11.jpg', '/picture/q-11.jpg', '/picture/q-11.jpg', '1299', '地铁站附近300m', '10', '22');
INSERT INTO `goods` VALUES ('1039', '贝尔路一号房', '/picture/q-11.jpg', '/picture/q-11.jpg', '/picture/q-11.jpg', '1299', '地铁站附近300m', '10', '23');
INSERT INTO `goods` VALUES ('1040', '龙华一号房', '/picture/q-11.jpg', '/picture/q-11.jpg', '/picture/q-11.jpg', '1299', '地铁站附近300m', '10', '2');
INSERT INTO `goods` VALUES ('1041', '坂田一号房', '/picture/q-11.jpg', '/picture/q-11.jpg', '/picture/q-11.jpg', '1299', '地铁站附近300m', '10', '22');
INSERT INTO `goods` VALUES ('1042', '南山一号房', '/picture/q-11.jpg', '/picture/q-11.jpg', '/picture/q-11.jpg', '1299', '地铁站附近300m', '10', '23');
INSERT INTO `goods` VALUES ('1043', '罗湖一号房', '/picture/q-13.jpg', '/picture/q-13.jpg', '/picture/q-13.jpg', '1399', '地铁站附近400m', '10', '21');
INSERT INTO `goods` VALUES ('1044', '梧桐一号房', '/picture/q-13.jpg', '/picture/q-13.jpg', '/picture/q-13.jpg', '1399', '地铁站附近400m', '10', '22');
INSERT INTO `goods` VALUES ('1045', '宝安一号房', '/picture/q-13.jpg', '/picture/q-13.jpg', '/picture/q-13.jpg', '1399', '地铁站附近400m', '10', '23');
INSERT INTO `goods` VALUES ('1046', '宝岗一号房', '/picture/q-13.jpg', '/picture/q-13.jpg', '/picture/q-13.jpg', '1399', '地铁站附近400m', '10', '21');
INSERT INTO `goods` VALUES ('1047', '桂花一号房', '/picture/q-13.jpg', '/picture/q-13.jpg', '/picture/q-13.jpg', '1399', '地铁站附近400m', '10', '22');
INSERT INTO `goods` VALUES ('1099', '福田一号房', '/picture/q-11.jpg', '/picture/q-11.jpg', '/picture/q-11.jpg', '1099', '地铁站附近100m', '10', '23');
INSERT INTO `goods` VALUES ('1100', '桂花一号房', '/picture/q-13.jpg', '/picture/q-13.jpg', '/picture/q-13.jpg', '1399', '地铁站附近400m', '10', '21');
INSERT INTO `goods` VALUES ('1101', '桂花一号房', '/picture/q-13.jpg', '/picture/q-13.jpg', '/picture/q-13.jpg', '1399', '地铁站附近400m', '10', '21');
INSERT INTO `goods` VALUES ('1102', '桂花一号房', '/picture/q-13.jpg', '/picture/q-13.jpg', '/picture/q-13.jpg', '1399', '地铁站附近400m', '10', '21');
INSERT INTO `goods` VALUES ('1103', '桂花一号房', '/picture/q-13.jpg', '/picture/q-13.jpg', '/picture/q-13.jpg', '1399', '地铁站附近400m', '10', '21');
INSERT INTO `goods` VALUES ('1104', '桂花一号房', '/picture/q-13.jpg', '/picture/q-13.jpg', '/picture/q-13.jpg', '1399', '地铁站附近400m', '10', '21');
INSERT INTO `goods` VALUES ('1105', '桂花一号房', '/picture/q-13.jpg', '/picture/q-13.jpg', '/picture/q-13.jpg', '1399', '地铁站附近400m', '10', '21');
INSERT INTO `goods` VALUES ('1106', '桂花一号房', '/picture/q-13.jpg', '/picture/q-13.jpg', '/picture/q-13.jpg', '1399', '地铁站附近400m', '10', '21');
INSERT INTO `goods` VALUES ('1107', '桂花一号房', '/picture/q-13.jpg', '/picture/q-13.jpg', '/picture/q-13.jpg', '1399', '地铁站附近400m', '10', '21');
INSERT INTO `goods` VALUES ('1108', '桂花一号房', '/picture/q-13.jpg', '/picture/q-13.jpg', '/picture/q-13.jpg', '1399', '地铁站附近400m', '10', '21');

-- ----------------------------
-- Table structure for order
-- ----------------------------
DROP TABLE IF EXISTS `order`;
CREATE TABLE `order` (
  `id` int NOT NULL AUTO_INCREMENT,
  `total` float DEFAULT NULL,
  `amount` int DEFAULT NULL,
  `status` tinyint(1) DEFAULT NULL,
  `paytype` tinyint(1) DEFAULT NULL,
  `name` varchar(45) DEFAULT NULL,
  `phone` varchar(45) DEFAULT NULL,
  `address` varchar(45) DEFAULT NULL,
  `datetime` date DEFAULT NULL,
  `user_id` int DEFAULT NULL,
  PRIMARY KEY (`id`),
  KEY `fk_user_id_idx` (`user_id`),
  CONSTRAINT `fk_user_id` FOREIGN KEY (`user_id`) REFERENCES `user` (`id`)
) ENGINE=InnoDB AUTO_INCREMENT=126 DEFAULT CHARSET=utf8mb3;

-- ----------------------------
-- Records of order
-- ----------------------------
INSERT INTO `order` VALUES ('8', '2204', '10', '2', '3', '23423', '胜多负少', '史蒂芬水电费说的dsf', '2018-07-14', '6');
INSERT INTO `order` VALUES ('9', '1465', '5', '2', '2', '234', 'sf舒服舒服sd', '是的水电费第三方史蒂芬', '2018-07-14', '6');
INSERT INTO `order` VALUES ('10', '458', '2', '2', '2', '史蒂芬', '史蒂芬', '史蒂芬史蒂芬', '2018-07-14', '6');
INSERT INTO `order` VALUES ('11', '74', '2', '2', '2', '随碟附送地方', '问强弱234', '水电费水电费水电费水电费水电费是的', '2018-07-14', '6');
INSERT INTO `order` VALUES ('53', '598', '2', '2', '2', 'faiz', '13055188390', 'gggg', '2022-12-15', '31');
INSERT INTO `order` VALUES ('54', '598', '2', '2', '2', 'faiz', '13055188390', 'gggg', '2022-12-15', '31');
INSERT INTO `order` VALUES ('55', '299', '1', '2', '2', 'faiz', '13055188390', 'gggg', '2022-12-15', '31');
INSERT INTO `order` VALUES ('56', '269', '1', '2', '2', 'faiz', '13055188390', 'gggg', '2022-12-15', '31');
INSERT INTO `order` VALUES ('57', '50.2', '1', '2', '2', 'faiz', '13055188390', 'gggg', '2022-12-15', '31');
INSERT INTO `order` VALUES ('58', '229', '1', '2', '2', 'faiz', '13055188390', 'gggg', '2022-12-15', '31');
INSERT INTO `order` VALUES ('59', '229', '1', '2', '2', 'faiz', '13055188390', 'gggg', '2022-12-15', '31');
INSERT INTO `order` VALUES ('65', '299', '1', '2', '2', 'ZYC3158305205@gmail.com', '1111', '88', '2022-12-15', '31');
INSERT INTO `order` VALUES ('66', '598', '2', '2', '2', 'faiz', '13055188390', 'gggg', '2022-12-15', '33');
INSERT INTO `order` VALUES ('67', '299', '1', '2', '2', 'faiz', '156 7505 3069', 'gggg', '2022-12-15', '33');
INSERT INTO `order` VALUES ('68', '299', '1', '2', '2', 'faiz', '156 7505 3069', 'gggg', '2022-12-15', '33');
INSERT INTO `order` VALUES ('69', '299', '1', '2', '2', 'faiz', '156 7505 3069', 'gggg', '2022-12-15', '33');
INSERT INTO `order` VALUES ('70', '867', '3', '2', '2', 'faiz', '13055188390', 'gggg', '2022-12-15', '34');
INSERT INTO `order` VALUES ('71', '568', '2', '2', '2', 'faizD撒', '156 7505 3069', '88', '2022-12-15', '34');
INSERT INTO `order` VALUES ('72', '299', '1', '2', '2', 'faiz', '13055188390', 'gggg', '2022-12-15', '36');
INSERT INTO `order` VALUES ('73', '299', '1', '2', '2', null, null, null, '2022-12-15', '36');
INSERT INTO `order` VALUES ('74', '299', '1', '2', '2', null, null, null, '2022-12-15', '36');
INSERT INTO `order` VALUES ('75', '299', '1', '2', '2', 'vanzi', '1111', 'gggg', '2022-12-15', '35');
INSERT INTO `order` VALUES ('79', '598', '2', '2', '2', 'faiz', '13055188390', 'gggg', '2022-12-15', '54');
INSERT INTO `order` VALUES ('80', '598', '2', '2', '2', 'faiz', '13055188390', 'gggg', '2022-12-15', '54');
INSERT INTO `order` VALUES ('81', '598', '2', '2', '2', 'faizD撒', '13055188390', '1111', '2022-12-15', '49');
INSERT INTO `order` VALUES ('82', '1973.2', '8', '2', '2', 'faiz', '13055188390', 'gggg', '2022-12-15', '31');
INSERT INTO `order` VALUES ('83', '319.2', '2', '2', '2', 'faiz', '13055188390', 'gggg', '2022-12-15', '31');

-- ----------------------------
-- Table structure for orderitem
-- ----------------------------
DROP TABLE IF EXISTS `orderitem`;
CREATE TABLE `orderitem` (
  `id` int NOT NULL AUTO_INCREMENT,
  `price` float DEFAULT NULL,
  `amount` int DEFAULT NULL,
  `goods_id` int DEFAULT NULL,
  `order_id` int DEFAULT NULL,
  PRIMARY KEY (`id`),
  KEY `fk_order_id_idx` (`order_id`),
  KEY `fk_orderitem_goods_id_idx` (`goods_id`),
  CONSTRAINT `fk_order_id` FOREIGN KEY (`order_id`) REFERENCES `order` (`id`),
  CONSTRAINT `fk_orderitem_goods_id` FOREIGN KEY (`goods_id`) REFERENCES `goods` (`id`)
) ENGINE=InnoDB AUTO_INCREMENT=148 DEFAULT CHARSET=utf8mb3;

-- ----------------------------
-- Records of orderitem
-- ----------------------------
INSERT INTO `orderitem` VALUES ('13', '299', '4', '22', '8');
INSERT INTO `orderitem` VALUES ('14', '299', '3', '9', '8');
INSERT INTO `orderitem` VALUES ('15', '36', '1', '12', '8');
INSERT INTO `orderitem` VALUES ('16', '36', '1', '13', '8');
INSERT INTO `orderitem` VALUES ('17', '39', '1', '14', '8');
INSERT INTO `orderitem` VALUES ('18', '299', '3', '4', '9');
INSERT INTO `orderitem` VALUES ('19', '269', '1', '5', '9');
INSERT INTO `orderitem` VALUES ('20', '299', '1', '6', '9');
INSERT INTO `orderitem` VALUES ('21', '229', '1', '2', '10');
INSERT INTO `orderitem` VALUES ('22', '229', '1', '3', '10');
INSERT INTO `orderitem` VALUES ('23', '38', '1', '11', '11');
INSERT INTO `orderitem` VALUES ('24', '36', '1', '12', '11');
INSERT INTO `orderitem` VALUES ('52', '299', '2', '8', '53');
INSERT INTO `orderitem` VALUES ('53', '299', '2', '8', '54');
INSERT INTO `orderitem` VALUES ('54', '299', '1', '7', '55');
INSERT INTO `orderitem` VALUES ('55', '269', '1', '5', '56');
INSERT INTO `orderitem` VALUES ('56', '50.2', '1', '1', '57');
INSERT INTO `orderitem` VALUES ('57', '229', '1', '2', '58');
INSERT INTO `orderitem` VALUES ('58', '229', '1', '3', '59');
INSERT INTO `orderitem` VALUES ('64', '299', '1', '8', '65');
INSERT INTO `orderitem` VALUES ('65', '299', '2', '8', '66');
INSERT INTO `orderitem` VALUES ('66', '299', '1', '8', '67');
INSERT INTO `orderitem` VALUES ('67', '299', '1', '8', '68');
INSERT INTO `orderitem` VALUES ('68', '299', '1', '8', '69');
INSERT INTO `orderitem` VALUES ('69', '269', '1', '5', '70');
INSERT INTO `orderitem` VALUES ('70', '299', '1', '6', '70');
INSERT INTO `orderitem` VALUES ('71', '299', '1', '7', '70');
INSERT INTO `orderitem` VALUES ('72', '269', '1', '5', '71');
INSERT INTO `orderitem` VALUES ('73', '299', '1', '6', '71');
INSERT INTO `orderitem` VALUES ('74', '299', '1', '8', '72');
INSERT INTO `orderitem` VALUES ('75', '299', '1', '8', '73');
INSERT INTO `orderitem` VALUES ('76', '299', '1', '8', '74');
INSERT INTO `orderitem` VALUES ('77', '299', '1', '8', '75');
INSERT INTO `orderitem` VALUES ('81', '299', '1', '7', '79');
INSERT INTO `orderitem` VALUES ('82', '299', '1', '8', '79');
INSERT INTO `orderitem` VALUES ('83', '299', '1', '7', '80');
INSERT INTO `orderitem` VALUES ('84', '299', '1', '8', '80');
INSERT INTO `orderitem` VALUES ('85', '299', '2', '8', '81');
INSERT INTO `orderitem` VALUES ('86', '50.2', '1', '1', '82');
INSERT INTO `orderitem` VALUES ('87', '229', '1', '2', '82');
INSERT INTO `orderitem` VALUES ('88', '229', '1', '3', '82');
INSERT INTO `orderitem` VALUES ('89', '299', '1', '4', '82');
INSERT INTO `orderitem` VALUES ('90', '269', '1', '5', '82');
INSERT INTO `orderitem` VALUES ('91', '299', '1', '6', '82');
INSERT INTO `orderitem` VALUES ('92', '299', '1', '7', '82');
INSERT INTO `orderitem` VALUES ('93', '299', '1', '8', '82');
INSERT INTO `orderitem` VALUES ('94', '50.2', '1', '1', '83');
INSERT INTO `orderitem` VALUES ('95', '269', '1', '5', '83');

-- ----------------------------
-- Table structure for recommend
-- ----------------------------
DROP TABLE IF EXISTS `recommend`;
CREATE TABLE `recommend` (
  `id` int NOT NULL AUTO_INCREMENT,
  `type` tinyint(1) DEFAULT NULL,
  `goods_id` int DEFAULT NULL,
  PRIMARY KEY (`id`),
  KEY `fk_goods_id_idx` (`goods_id`),
  CONSTRAINT `fk_goods_id` FOREIGN KEY (`goods_id`) REFERENCES `goods` (`id`)
) ENGINE=InnoDB AUTO_INCREMENT=268 DEFAULT CHARSET=utf8mb3;

-- ----------------------------
-- Records of recommend
-- ----------------------------
INSERT INTO `recommend` VALUES ('1', '2', '1');
INSERT INTO `recommend` VALUES ('2', '2', '2');
INSERT INTO `recommend` VALUES ('3', '2', '3');
INSERT INTO `recommend` VALUES ('4', '2', '4');
INSERT INTO `recommend` VALUES ('5', '2', '5');
INSERT INTO `recommend` VALUES ('6', '2', '6');
INSERT INTO `recommend` VALUES ('7', '2', '7');
INSERT INTO `recommend` VALUES ('9', '3', '9');
INSERT INTO `recommend` VALUES ('10', '3', '10');
INSERT INTO `recommend` VALUES ('11', '3', '12');
INSERT INTO `recommend` VALUES ('12', '3', '13');
INSERT INTO `recommend` VALUES ('14', '3', '15');
INSERT INTO `recommend` VALUES ('15', '3', '16');
INSERT INTO `recommend` VALUES ('16', '3', '17');
INSERT INTO `recommend` VALUES ('17', '3', '18');
INSERT INTO `recommend` VALUES ('18', '3', '19');
INSERT INTO `recommend` VALUES ('19', '3', '20');
INSERT INTO `recommend` VALUES ('20', '1', '22');
INSERT INTO `recommend` VALUES ('23', '3', '1');
INSERT INTO `recommend` VALUES ('236', '21', '1101');
INSERT INTO `recommend` VALUES ('237', '21', '1102');
INSERT INTO `recommend` VALUES ('238', '21', '1103');
INSERT INTO `recommend` VALUES ('239', '21', '1104');
INSERT INTO `recommend` VALUES ('240', '21', '1105');
INSERT INTO `recommend` VALUES ('241', '21', '1106');
INSERT INTO `recommend` VALUES ('242', '21', '1107');
INSERT INTO `recommend` VALUES ('243', '21', '1108');
INSERT INTO `recommend` VALUES ('244', '21', '1028');
INSERT INTO `recommend` VALUES ('247', '21', '1037');
INSERT INTO `recommend` VALUES ('248', '22', '1029');
INSERT INTO `recommend` VALUES ('249', '22', '1032');
INSERT INTO `recommend` VALUES ('250', '22', '1035');
INSERT INTO `recommend` VALUES ('251', '22', '1038');
INSERT INTO `recommend` VALUES ('252', '22', '1041');
INSERT INTO `recommend` VALUES ('253', '22', '1044');
INSERT INTO `recommend` VALUES ('256', '23', '1033');
INSERT INTO `recommend` VALUES ('257', '23', '1036');

-- ----------------------------
-- Table structure for type
-- ----------------------------
DROP TABLE IF EXISTS `type`;
CREATE TABLE `type` (
  `id` int NOT NULL AUTO_INCREMENT,
  `name` varchar(45) DEFAULT NULL,
  PRIMARY KEY (`id`)
) ENGINE=InnoDB AUTO_INCREMENT=30 DEFAULT CHARSET=utf8mb3;

-- ----------------------------
-- Records of type
-- ----------------------------
INSERT INTO `type` VALUES ('1', '冰淇淋系列');
INSERT INTO `type` VALUES ('2', '零食系列');
INSERT INTO `type` VALUES ('3', '儿童系列');
INSERT INTO `type` VALUES ('4', '法式系列');
INSERT INTO `type` VALUES ('5', '经典系列');
INSERT INTO `type` VALUES ('8', '节日系列');
INSERT INTO `type` VALUES ('9', '成人系列');
INSERT INTO `type` VALUES ('10', '恶搞系列');
INSERT INTO `type` VALUES ('21', '城中村');
INSERT INTO `type` VALUES ('22', '统租房');
INSERT INTO `type` VALUES ('23', '挂壁房');
INSERT INTO `type` VALUES ('24', 'faiz');
INSERT INTO `type` VALUES ('25', 'vanzi566');
INSERT INTO `type` VALUES ('26', 'ZYC3158305205@gmail.com');

-- ----------------------------
-- Table structure for user
-- ----------------------------
DROP TABLE IF EXISTS `user`;
CREATE TABLE `user` (
  `id` int NOT NULL AUTO_INCREMENT,
  `username` varchar(45) DEFAULT NULL,
  `email` varchar(45) DEFAULT NULL,
  `password` varchar(45) DEFAULT NULL,
  `name` varchar(45) DEFAULT NULL,
  `phone` varchar(45) DEFAULT NULL,
  `address` varchar(45) DEFAULT NULL,
  `isadmin` bit(1) DEFAULT NULL,
  `isvalidate` bit(1) DEFAULT NULL,
  PRIMARY KEY (`id`),
  UNIQUE KEY `username_UNIQUE` (`username`)
) ENGINE=InnoDB AUTO_INCREMENT=86 DEFAULT CHARSET=utf8mb3;

-- ----------------------------
-- Records of user
-- ----------------------------
INSERT INTO `user` VALUES ('6', 'admin', 'admin@sikiedu.com', 'admin', '1231', '123', '123123史蒂芬', '', '\0');
INSERT INTO `user` VALUES ('29', '555', 'ZYC3158305205@gmail.com', '12345678', null, null, null, null, null);
INSERT INTO `user` VALUES ('30', 'faiz', 'ZYC3158305205@gmail.com', '12345678', null, null, null, null, null);
INSERT INTO `user` VALUES ('31', 'itcast', '1990044029@qq.com', '123', 'faiz', '156 7505 3069', '个插件广场换乘', null, null);
INSERT INTO `user` VALUES ('32', 'ggg', 'ZYC3158305205@gmail.com', '12345678', null, null, null, null, null);
INSERT INTO `user` VALUES ('33', 'itcast1', 'ZYC3158305205@gmail.com', '12345678', 'faiz', '156 7505 3069', 'gggg', null, null);
INSERT INTO `user` VALUES ('34', 'itcast2', '3158305205@qq.com', '12345678', 'faizD撒', '156 7505 3069', '88', null, null);
INSERT INTO `user` VALUES ('35', 'itcast3', 'ZYC3158305205@gmail.com', '12345678', 'faiz', '13055188390', 'gggg', null, null);
INSERT INTO `user` VALUES ('36', 'itcast4', 'ZYC3158305205@gmail.com', '12345678', null, null, null, null, null);
INSERT INTO `user` VALUES ('37', 'itcast8', 'ZYC3158305205@gmail.com', '12345678', null, null, null, null, null);
INSERT INTO `user` VALUES ('38', 'itcast10', 'ZYC3158305205@gmail.com', '12345678', 'faiz', '156 7505 3069', 'gggg', null, null);
INSERT INTO `user` VALUES ('39', 'itcast78', 'ZYC3158305205@gmail.com', '12345678', null, null, null, null, null);
INSERT INTO `user` VALUES ('40', 'itcast12', 'ZYC3158305205@gmail.com', '12345678', null, null, null, null, null);
INSERT INTO `user` VALUES ('41', 'itcast147', 'ZYC3158305205@gmail.com', '12345678', null, null, null, null, null);
INSERT INTO `user` VALUES ('42', 'itcast75', 'ZYC3158305205@gmail.com', '12345678', null, null, null, null, null);
INSERT INTO `user` VALUES ('43', 'itcast456', 'ZYC3158305205@gmail.com', '12345678', null, null, null, null, null);
INSERT INTO `user` VALUES ('44', 'itcast000', 'ZYC3158305205@gmail.com', '12345678', null, null, null, null, null);
INSERT INTO `user` VALUES ('45', 'itcast01', 'ZYC3158305205@gmail.com', '12345678', null, null, null, null, null);
INSERT INTO `user` VALUES ('46', 'itcast852', 'ZYC3158305205@gmail.com', '12345678', null, null, null, null, null);
INSERT INTO `user` VALUES ('47', 'itcast8525', 'ZYC3158305205@gmail.com', '12345678', null, null, null, null, null);
INSERT INTO `user` VALUES ('48', 'itcast85255', 'ZYC3158305205@gmail.com', '12345678', null, null, null, null, null);
INSERT INTO `user` VALUES ('49', 'itcast369', 'ZYC3158305205@gmail.com', '12345678', 'faizD撒', '13055188390', '1111', null, null);
INSERT INTO `user` VALUES ('50', 'itcast3699', 'ZYC3158305205@gmail.com', '12345678', null, null, null, null, null);
INSERT INTO `user` VALUES ('51', 'itcastoooo', 'ZYC3158305205@gmail.com', '12345678', 'ZYC3158305205@gmail.com', '156 7505 3069', '888', null, null);
INSERT INTO `user` VALUES ('52', '4444', 'ZYC3158305205@gmail.com', '12345678', 'faiz', '13055188390', 'gggg', null, null);
INSERT INTO `user` VALUES ('54', '5555', 'ZYC3158305205@gmail.com', '12345678', 'faiz', '13055188390', 'gggg', null, null);
INSERT INTO `user` VALUES ('63', '6', '6666', '12345678', 'faiz', '13055188390', 'gggg', '\0', '\0');
INSERT INTO `user` VALUES ('64', '777', '7777', '12345678', 'faiz', '13055188390', 'gggg', '\0', '\0');
INSERT INTO `user` VALUES ('65', '999', '999', '12345678', 'faiz', '13055188390', 'gggg', '\0', '\0');
INSERT INTO `user` VALUES ('66', '1111', '1111', '12345678', 'faiz', '13055188390', 'gggg', '\0', '\0');
INSERT INTO `user` VALUES ('67', '0000', '0000', '12345678', 'faiz', '13055188390', 'gggg', '\0', '\0');
INSERT INTO `user` VALUES ('68', '4444444', '44444444', '12345678', 'faiz', '13055188390', 'gggg', '\0', '\0');
INSERT INTO `user` VALUES ('69', '8888', '8888', '888', '8888', '8888', '888', '\0', '\0');
INSERT INTO `user` VALUES ('70', 'itcast9999', '3323', '332', '', '', '', '\0', '\0');
INSERT INTO `user` VALUES ('71', 'aaaaad', 'aaadd', '12345678', 'faiz', '13055188390', 'gggg', '\0', '\0');
INSERT INTO `user` VALUES ('72', 'ooo', 'ooo', '12345678', 'faiz', '13055188390', 'gggg', '\0', '\0');
INSERT INTO `user` VALUES ('73', 'vvvv', 'vvvvv', '12345678', 'faiz', '13055188390', 'gggg', '\0', '\0');
INSERT INTO `user` VALUES ('74', 'shabi', 'shabi', '12345678', 'faiz', '13055188390', 'gggg', '\0', '\0');
INSERT INTO `user` VALUES ('75', '傻逼', 'ZYC3158305205@g', '20020408zyc+', 'faiz', '13055188390', '88', '\0', '\0');
INSERT INTO `user` VALUES ('76', 'sz', 'sz', '12345678', 'faiz', '13055188390', 'gggg', '\0', '\0');
INSERT INTO `user` VALUES ('77', 'sss', 'sss', '12345678', 'faiz', '13055188390', 'gggg', '\0', '\0');
INSERT INTO `user` VALUES ('78', 'itcastz', 'ZYC3158305205@gmail.comz', '12345678', 'faiz', '1111', '88', '\0', '\0');
INSERT INTO `user` VALUES ('79', 'gouzi', 'gouzi', '12345678', '5555', '13789193492', '个插件广场换乘', '\0', '\0');
INSERT INTO `user` VALUES ('80', 'sssss.', 'dsadasdasd', 'dasdasdas', '', '', '', '\0', '\0');
INSERT INTO `user` VALUES ('81', 'Aitcast', 'ZYC3158305205@gmail.comz', '12345678', '555', '13789193492', '个插件广场换乘', '\0', '\0');
INSERT INTO `user` VALUES ('82', 'admin1', 'yc3158305205@gmail.com', '12345678', null, '13055188390', null, '\0', '\0');
INSERT INTO `user` VALUES ('83', 'admin3', '158305205@gmail.com', '12345678', 'faiz', '13055188390', 'gggg', '\0', '\0');
INSERT INTO `user` VALUES ('84', 'admin2', '3333', '20020408zyc+', 'faiz', '13055188390', '你他吗是傻逼', '\0', '\0');
